contract_number,solicitation_number,entity_group,is_ncc,title,award_date,file_name,file_type,name_hint,url
1045294,26-58015,NRC,no,M-10 Partial Exterior Envelope Replacement,2026-09-08,26-58015_m-10-partial-exterior-envelope-replacement_itt.pdf,pdf,rfp/itt,https://canadabuys.canada.ca/sites/default/files/webform/tender_notice/97809/26-58015_m-10-partial-exterior-envelope-replacement_itt.pdf
1045294,26-58015,NRC,no,M-10 Partial Exterior Envelope Replacement,2026-09-08,26-58015_revision-2_annex-ai_specifications.pdf,pdf,specification,https://canadabuys.canada.ca/sites/default/files/webform/tender_notice/97809/26-58015_revision-2_annex-ai_specifications.pdf
1045294,26-58015,NRC,no,M-10 Partial Exterior Envelope Replacement,2026-09-08,26-58015_npp.noticeofproposedprocurement-avisdeprojetdemarche.apm_.pdf,pdf,unclassified,https://canadabuys.canada.ca/sites/default/files/webform/tender_notice/97809/26-58015_npp.noticeofproposedprocurement-avisdeprojetdemarche.apm_.pdf
1045294,26-58015,NRC,no,M-10 Partial Exterior Envelope Replacement,2026-09-08,26-58015_addendum_admendment_addenda_amendement_2.pdf,pdf,addendum,https://canadabuys.canada.ca/sites/default/files/webform/tender_notice/97809/26-58015_addendum_admendment_addenda_amendement_2.pdf
1045294,26-58015,NRC,no,M-10 Partial Exterior Envelope Replacement,2026-09-08,26-58015_addendum_admendment_addenda_amendement_1_0.pdf,pdf,addendum,https://canadabuys.canada.ca/sites/default/files/webform/tender_notice/97809/26-58015_addendum_admendment_addenda_amendement_1_0.pdf
1045294,26-58015,NRC,no,M-10 Partial Exterior Envelope Replacement,2026-09-08,26-58015_drawing_5532-a400.pdf,pdf,drawing,https://canadabuys.canada.ca/sites/default/files/webform/tender_notice/97809/26-58015_drawing_5532-a400.pdf
1045294,26-58015,NRC,no,M-10 Partial Exterior Envelope Replacement,2026-09-08,26-58015_revision-1_annex-ai_specifications_0.pdf,pdf,specification,https://canadabuys.canada.ca/sites/default/files/webform/tender_notice/97809/26-58015_revision-1_annex-ai_specifications_0.pdf
1045294,26-58015,NRC,no,M-10 Partial Exterior Envelope Replacement,2026-09-08,26-58015_annex-aii_drawings.pdf,pdf,drawing,https://canadabuys.canada.ca/sites/default/files/webform/tender_notice/97809/26-58015_annex-aii_drawings.pdf
1045294,26-58015,NRC,no,M-10 Partial Exterior Envelope Replacement,2026-09-08,26-58015_qa-table_1-11.pdf,pdf,unclassified,https://canadabuys.canada.ca/sites/default/files/webform/tender_notice/97809/26-58015_qa-table_1-11.pdf
1045294,26-58015,NRC,no,M-10 Partial Exterior Envelope Replacement,2026-09-08,26-58015_annex-ai_specifications.pdf,pdf,specification,https://canadabuys.canada.ca/sites/default/files/webform/tender_notice/97809/26-58015_annex-ai_specifications.pdf
1044937,26-58043,NRC,no,S77 Washroom Renovations Project,2026-07-29,26-58043_addendum_admendment_addenda_amendement_1.pdf,pdf,addendum,https://canadabuys.canada.ca/sites/default/files/webform/tender_notice/96918/26-58043_addendum_admendment_addenda_amendement_1.pdf
1044937,26-58043,NRC,no,S77 Washroom Renovations Project,2026-07-29,26-58043_notice-of-proposed-procurement-npp---publication-dun-avis-de-projet-de-marche-apm.pdf,pdf,unclassified,https://canadabuys.canada.ca/sites/default/files/webform/tender_notice/96918/26-58043_notice-of-proposed-procurement-npp---publication-dun-avis-de-projet-de-marche-apm.pdf
1044937,26-58043,NRC,no,S77 Washroom Renovations Project,2026-07-29,26-58043_annex_ai_specifications.pdf,pdf,specification,https://canadabuys.canada.ca/sites/default/files/webform/tender_notice/96918/26-58043_annex_ai_specifications.pdf
1044937,26-58043,NRC,no,S77 Washroom Renovations Project,2026-07-29,26-58043_s77-washroom-renovations_itt.pdf,pdf,rfp/itt,https://canadabuys.canada.ca/sites/default/files/webform/tender_notice/96918/26-58043_s77-washroom-renovations_itt.pdf
1044937,26-58043,NRC,no,S77 Washroom Renovations Project,2026-07-29,26-58043_annex_aiii_project-specific-designated-substances-report.pdf,pdf,specification,https://canadabuys.canada.ca/sites/default/files/webform/tender_notice/96918/26-58043_annex_aiii_project-specific-designated-substances-report.pdf
1044937,26-58043,NRC,no,S77 Washroom Renovations Project,2026-07-29,26-58043_qa-table_1.pdf,pdf,unclassified,https://canadabuys.canada.ca/sites/default/files/webform/tender_notice/96918/26-58043_qa-table_1.pdf
1044937,26-58043,NRC,no,S77 Washroom Renovations Project,2026-07-29,26-58043_annex-aii_drawings.pdf,pdf,drawing,https://canadabuys.canada.ca/sites/default/files/webform/tender_notice/96918/26-58043_annex-aii_drawings.pdf
PO-022885-,NCC-039893-DC-RFQ,NCC,yes,Gatineau Park Water Systems – Lagoon Culvert and Headwall Repair,2026-07-23,mitigation-measures-form_rehabilitation-of-the-treatment-pond-at-the-lake-philippe-campground--2023-04-02-en_info-only.pdf,pdf,forms,https://canadabuys.canada.ca/sites/default/files/webform/tender_notice/91324/mitigation-measures-form_rehabilitation-of-the-treatment-pond-at-the-lake-philippe-campground--2023-04-02-en_info-only.pdf
PO-022885-,NCC-039893-DC-RFQ,NCC,yes,Gatineau Park Water Systems – Lagoon Culvert and Headwall Repair,2026-07-23,addendum-2--lagoon-culverts.pdf,pdf,addendum,https://canadabuys.canada.ca/sites/default/files/webform/tender_notice/91324/addendum-2--lagoon-culverts.pdf
PO-022885-,NCC-039893-DC-RFQ,NCC,yes,Gatineau Park Water Systems – Lagoon Culvert and Headwall Repair,2026-07-23,sewer-ctv-inspection-report-138052st1.pdf,pdf,specification,https://canadabuys.canada.ca/sites/default/files/webform/tender_notice/91324/sewer-ctv-inspection-report-138052st1.pdf
PO-022885-,NCC-039893-DC-RFQ,NCC,yes,Gatineau Park Water Systems – Lagoon Culvert and Headwall Repair,2026-07-23,ncc-039893-dc-rfq-lagoon-culvert-and-headwall-repairs.-retender-en_fr.pdf,pdf,rfp/itt,https://canadabuys.canada.ca/sites/default/files/webform/tender_notice/91324/ncc-039893-dc-rfq-lagoon-culvert-and-headwall-repairs.-retender-en_fr.pdf
PO-022885-,NCC-039893-DC-RFQ,NCC,yes,Gatineau Park Water Systems – Lagoon Culvert and Headwall Repair,2026-07-23,addendum_3-fr_en.pdf,pdf,addendum,https://canadabuys.canada.ca/sites/default/files/webform/tender_notice/91324/addendum_3-fr_en.pdf
PO-022885-,NCC-039893-DC-RFQ,NCC,yes,Gatineau Park Water Systems – Lagoon Culvert and Headwall Repair,2026-07-23,addendum-1-_en.pdf,pdf,addendum,https://canadabuys.canada.ca/sites/default/files/webform/tender_notice/91324/addendum-1-_en.pdf
PO-022885-,NCC-039893-DC-RFQ,NCC,yes,Gatineau Park Water Systems – Lagoon Culvert and Headwall Repair,2026-07-23,lagoon-culvert_01-29-00_payment-procedures_e.pdf,pdf,unclassified,https://canadabuys.canada.ca/sites/default/files/webform/tender_notice/91324/lagoon-culvert_01-29-00_payment-procedures_e.pdf
PO-022885-,NCC-039893-DC-RFQ,NCC,yes,Gatineau Park Water Systems – Lagoon Culvert and Headwall Repair,2026-07-23,gatineau-park-water-systems---culvert-headwall-repairs-issued-for-tender-drawing-_20250725.pdf,pdf,drawing,https://canadabuys.canada.ca/sites/default/files/webform/tender_notice/91324/gatineau-park-water-systems---culvert-headwall-repairs-issued-for-tender-drawing-_20250725.pdf
PO-022989,NCC-DC-039926-RFQ,NCC,yes,Rideau Canal Lighting Rehabilitation Project.,2026-07-22,01-61-00-common-product-requirements_rev_0.pdf,pdf,specification section,https://canadabuys.canada.ca/sites/default/files/webform/tender_notice/93800/01-61-00-common-product-requirements_rev_0.pdf
PO-022989,NCC-DC-039926-RFQ,NCC,yes,Rideau Canal Lighting Rehabilitation Project.,2026-07-22,01-78-00-closeout-submittals_rev_0.pdf,pdf,specification section,https://canadabuys.canada.ca/sites/default/files/webform/tender_notice/93800/01-78-00-closeout-submittals_rev_0.pdf
PO-022989,NCC-DC-039926-RFQ,NCC,yes,Rideau Canal Lighting Rehabilitation Project.,2026-07-22,01-74-09_waste-management-and-disposal_rev_0.pdf,pdf,specification section,https://canadabuys.canada.ca/sites/default/files/webform/tender_notice/93800/01-74-09_waste-management-and-disposal_rev_0.pdf
PO-022989,NCC-DC-039926-RFQ,NCC,yes,Rideau Canal Lighting Rehabilitation Project.,2026-07-22,01-35-43_environmental-procedures_rev_0.pdf,pdf,specification section,https://canadabuys.canada.ca/sites/default/files/webform/tender_notice/93800/01-35-43_environmental-procedures_rev_0.pdf
PO-022989,NCC-DC-039926-RFQ,NCC,yes,Rideau Canal Lighting Rehabilitation Project.,2026-07-22,02-41-13_selective-site-demolition_rev_0.pdf,pdf,specification section,https://canadabuys.canada.ca/sites/default/files/webform/tender_notice/93800/02-41-13_selective-site-demolition_rev_0.pdf
PO-022989,NCC-DC-039926-RFQ,NCC,yes,Rideau Canal Lighting Rehabilitation Project.,2026-07-22,01-00-01-general-instructions_rev_01.pdf,pdf,specification section,https://canadabuys.canada.ca/sites/default/files/webform/tender_notice/93800/01-00-01-general-instructions_rev_01.pdf
PO-022989,NCC-DC-039926-RFQ,NCC,yes,Rideau Canal Lighting Rehabilitation Project.,2026-07-22,260217-si-034-rev-2-en.pdf,pdf,site instruction,https://canadabuys.canada.ca/sites/default/files/webform/tender_notice/93800/260217-si-034-rev-2-en.pdf
PO-022989,NCC-DC-039926-RFQ,NCC,yes,Rideau Canal Lighting Rehabilitation Project.,2026-07-22,01-75-excess-soil-management_rev_0.pdf,pdf,environmental,https://canadabuys.canada.ca/sites/default/files/webform/tender_notice/93800/01-75-excess-soil-management_rev_0.pdf
PO-022989,NCC-DC-039926-RFQ,NCC,yes,Rideau Canal Lighting Rehabilitation Project.,2026-07-22,01-33-00-submittal-procedures_rev_0.pdf,pdf,specification section,https://canadabuys.canada.ca/sites/default/files/webform/tender_notice/93800/01-33-00-submittal-procedures_rev_0.pdf
PO-022989,NCC-DC-039926-RFQ,NCC,yes,Rideau Canal Lighting Rehabilitation Project.,2026-07-22,ncc-rfq-dc--039926-rideau-canal-lighting-rehab---railing-replacements_27042601.pdf,pdf,rfp/itt,https://canadabuys.canada.ca/sites/default/files/webform/tender_notice/93800/ncc-rfq-dc--039926-rideau-canal-lighting-rehab---railing-replacements_27042601.pdf
PO-022989,NCC-DC-039926-RFQ,NCC,yes,Rideau Canal Lighting Rehabilitation Project.,2026-07-22,addendum_001_en.pdf,pdf,addendum,https://canadabuys.canada.ca/sites/default/files/webform/tender_notice/93800/addendum_001_en.pdf
PO-022989,NCC-DC-039926-RFQ,NCC,yes,Rideau Canal Lighting Rehabilitation Project.,2026-07-22,00-01-07-seals-page_rev_0.pdf,pdf,specification section,https://canadabuys.canada.ca/sites/default/files/webform/tender_notice/93800/00-01-07-seals-page_rev_0.pdf
5P468-26-0071,5P468-26-0071/A,other,no,"Surface Preparation and Painting Work, First-Class Hotel - National Historic Site of Grosse-Ile-and-the-Irish-Memorial",2026-07-16,5p468-26-0071a---itt.pdf,pdf,rfp/itt,https://canadabuys.canada.ca/sites/default/files/webform/tender_notice/98300/5p468-26-0071a---itt.pdf
5P468-26-0071,5P468-26-0071/A,other,no,"Surface Preparation and Painting Work, First-Class Hotel - National Historic Site of Grosse-Ile-and-the-Irish-Memorial",2026-07-16,5p468-26-0071a---technical-specifications.pdf,pdf,specification,https://canadabuys.canada.ca/sites/default/files/webform/tender_notice/98300/5p468-26-0071a---technical-specifications.pdf
5P468-26-0071,5P468-26-0071/A,other,no,"Surface Preparation and Painting Work, First-Class Hotel - National Historic Site of Grosse-Ile-and-the-Irish-Memorial",2026-07-16,5p468-26-0071a---integrity-form.pdf,pdf,forms,https://canadabuys.canada.ca/sites/default/files/webform/tender_notice/98300/5p468-26-0071a---integrity-form.pdf
1043138,25-58282,NRC,no,EV Charging Stations Installation Project,2026-07-16,25-58282_qa-table_1-71.pdf,pdf,unclassified,https://canadabuys.canada.ca/sites/default/files/webform/tender_notice/91425/25-58282_qa-table_1-71.pdf
1043138,25-58282,NRC,no,EV Charging Stations Installation Project,2026-07-16,25-58282_addendum_admendment_addenda_amendement_2.pdf,pdf,addendum,https://canadabuys.canada.ca/sites/default/files/webform/tender_notice/91425/25-58282_addendum_admendment_addenda_amendement_2.pdf
1043138,25-58282,NRC,no,EV Charging Stations Installation Project,2026-07-16,25-58282_2026-04-22_nrc-ev-charging-stations_add04_en.pdf,pdf,unclassified,https://canadabuys.canada.ca/sites/default/files/webform/tender_notice/91425/25-58282_2026-04-22_nrc-ev-charging-stations_add04_en.pdf
1043138,25-58282,NRC,no,EV Charging Stations Installation Project,2026-07-16,25-58282_ev-charging-stations-installation_drawings_2-of-2_electrical.pdf,pdf,drawing,https://canadabuys.canada.ca/sites/default/files/webform/tender_notice/91425/25-58282_ev-charging-stations-installation_drawings_2-of-2_electrical.pdf
1043138,25-58282,NRC,no,EV Charging Stations Installation Project,2026-07-16,25-58282_ev-charging-stations-installation_drawings_1-of-2.pdf,pdf,drawing,https://canadabuys.canada.ca/sites/default/files/webform/tender_notice/91425/25-58282_ev-charging-stations-installation_drawings_1-of-2.pdf
1043138,25-58282,NRC,no,EV Charging Stations Installation Project,2026-07-16,25-58282_addendum_admendment_addenda_amendement_7.pdf,pdf,addendum,https://canadabuys.canada.ca/sites/default/files/webform/tender_notice/91425/25-58282_addendum_admendment_addenda_amendement_7.pdf
1043138,25-58282,NRC,no,EV Charging Stations Installation Project,2026-07-16,25-58282_addendum_admendment_addenda_amendement_6.pdf,pdf,addendum,https://canadabuys.canada.ca/sites/default/files/webform/tender_notice/91425/25-58282_addendum_admendment_addenda_amendement_6.pdf
1043138,25-58282,NRC,no,EV Charging Stations Installation Project,2026-07-16,25-58282_addendum_admendment_addenda_amendement_4_0.pdf,pdf,addendum,https://canadabuys.canada.ca/sites/default/files/webform/tender_notice/91425/25-58282_addendum_admendment_addenda_amendement_4_0.pdf
1043138,25-58282,NRC,no,EV Charging Stations Installation Project,2026-07-16,25-58282_ev-charging-stations-installation_tender-package.pdf,pdf,tender documents,https://canadabuys.canada.ca/sites/default/files/webform/tender_notice/91425/25-58282_ev-charging-stations-installation_tender-package.pdf
1043138,25-58282,NRC,no,EV Charging Stations Installation Project,2026-07-16,25-58282_qa-table_1-71-r1.pdf,pdf,unclassified,https://canadabuys.canada.ca/sites/default/files/webform/tender_notice/91425/25-58282_qa-table_1-71-r1.pdf
1043138,25-58282,NRC,no,EV Charging Stations Installation Project,2026-07-16,25-58282_addendum_admendment_addenda_amendement_5.pdf,pdf,addendum,https://canadabuys.canada.ca/sites/default/files/webform/tender_notice/91425/25-58282_addendum_admendment_addenda_amendement_5.pdf
1043138,25-58282,NRC,no,EV Charging Stations Installation Project,2026-07-16,25-58282_qa-table_1-64_0.pdf,pdf,unclassified,https://canadabuys.canada.ca/sites/default/files/webform/tender_notice/91425/25-58282_qa-table_1-64_0.pdf
1043138,25-58282,NRC,no,EV Charging Stations Installation Project,2026-07-16,25-58282_appendix-b-f_en_0.pdf,pdf,unclassified,https://canadabuys.canada.ca/sites/default/files/webform/tender_notice/91425/25-58282_appendix-b-f_en_0.pdf
1043138,25-58282,NRC,no,EV Charging Stations Installation Project,2026-07-16,25-58282_addendum_admendment_addenda_amendement_3.pdf,pdf,addendum,https://canadabuys.canada.ca/sites/default/files/webform/tender_notice/91425/25-58282_addendum_admendment_addenda_amendement_3.pdf
1043138,25-58282,NRC,no,EV Charging Stations Installation Project,2026-07-16,25-58282_addendum_admendment_addenda_amendement_1.pdf,pdf,addendum,https://canadabuys.canada.ca/sites/default/files/webform/tender_notice/91425/25-58282_addendum_admendment_addenda_amendement_1.pdf
1043138,25-58282,NRC,no,EV Charging Stations Installation Project,2026-07-16,25-58282_qa-table_1-22.pdf,pdf,unclassified,https://canadabuys.canada.ca/sites/default/files/webform/tender_notice/91425/25-58282_qa-table_1-22.pdf
1043138,25-58282,NRC,no,EV Charging Stations Installation Project,2026-07-16,25-58282_notice-of-proposed-procurement-npp---publication-dun-avis-de-projet-de-marche-apm.pdf.pdf,pdf,unclassified,https://canadabuys.canada.ca/sites/default/files/webform/tender_notice/91425/25-58282_notice-of-proposed-procurement-npp---publication-dun-avis-de-projet-de-marche-apm.pdf.pdf
PO-022889,NCC-DC-039892-RFQ,NCC,yes,RETENDER - Replacement of the septic system at Lac-Philippe Administrative Building and garage,2026-07-09,20250825_description-of-items-on-the-bid-form-_ccn1-002-02_2204_0.pdf,pdf,forms,https://canadabuys.canada.ca/sites/default/files/webform/tender_notice/93402/20250825_description-of-items-on-the-bid-form-_ccn1-002-02_2204_0.pdf
PO-022889,NCC-DC-039892-RFQ,NCC,yes,RETENDER - Replacement of the septic system at Lac-Philippe Administrative Building and garage,2026-07-09,lac-philippe---wastewater-disposal-en.pdf,pdf,unclassified,https://canadabuys.canada.ca/sites/default/files/webform/tender_notice/93402/lac-philippe---wastewater-disposal-en.pdf
PO-022889,NCC-DC-039892-RFQ,NCC,yes,RETENDER - Replacement of the septic system at Lac-Philippe Administrative Building and garage,2026-07-09,053_ccn-180-lac-philippe-25-is-053-sketch-en.pdf,pdf,unclassified,https://canadabuys.canada.ca/sites/default/files/webform/tender_notice/93402/053_ccn-180-lac-philippe-25-is-053-sketch-en.pdf
PO-022889,NCC-DC-039892-RFQ,NCC,yes,RETENDER - Replacement of the septic system at Lac-Philippe Administrative Building and garage,2026-07-09,ncc-dc-38168-rfq-balp_garage-septic-system-replacement.ift_.pdf,pdf,rfp/itt,https://canadabuys.canada.ca/sites/default/files/webform/tender_notice/93402/ncc-dc-38168-rfq-balp_garage-septic-system-replacement.ift_.pdf
PO-022889,NCC-DC-039892-RFQ,NCC,yes,RETENDER - Replacement of the septic system at Lac-Philippe Administrative Building and garage,2026-07-09,20250807_ccn1-002-02_ift-drawing_en.pdf,pdf,drawing,https://canadabuys.canada.ca/sites/default/files/webform/tender_notice/93402/20250807_ccn1-002-02_ift-drawing_en.pdf
PO-022889,NCC-DC-039892-RFQ,NCC,yes,RETENDER - Replacement of the septic system at Lac-Philippe Administrative Building and garage,2026-07-09,addendum_001_en-(1.pdf,pdf,addendum,https://canadabuys.canada.ca/sites/default/files/webform/tender_notice/93402/addendum_001_en-%281.pdf
PO-022889,NCC-DC-039892-RFQ,NCC,yes,RETENDER - Replacement of the septic system at Lac-Philippe Administrative Building and garage,2026-07-09,dc3000-20-2021---wwps-updated-(1.pdf,pdf,unclassified,https://canadabuys.canada.ca/sites/default/files/webform/tender_notice/93402/dc3000-20-2021---wwps-updated-%281.pdf
PO-022872,NCC-DC-040047-NRFP,NCC,yes,Construction Manager – Building Adaptation Project,2026-07-06,appendix-d_submission-form.pdf,pdf,forms,https://canadabuys.canada.ca/sites/default/files/webform/tender_notice/93482/appendix-d_submission-form.pdf
PO-022872,NCC-DC-040047-NRFP,NCC,yes,Construction Manager – Building Adaptation Project,2026-07-06,appendix-e_-pricing-form.pdf,pdf,forms,https://canadabuys.canada.ca/sites/default/files/webform/tender_notice/93482/appendix-e_-pricing-form.pdf
PO-022872,NCC-DC-040047-NRFP,NCC,yes,Construction Manager – Building Adaptation Project,2026-07-06,addendum-002_construction-manager-building-adaptation-project-ncc-dc-040047-nrfp.pdf,pdf,addendum,https://canadabuys.canada.ca/sites/default/files/webform/tender_notice/93482/addendum-002_construction-manager-building-adaptation-project-ncc-dc-040047-nrfp.pdf
PO-022872,NCC-DC-040047-NRFP,NCC,yes,Construction Manager – Building Adaptation Project,2026-07-06,appendix-g-_-buy-canadian-attestation-form.pdf,pdf,forms,https://canadabuys.canada.ca/sites/default/files/webform/tender_notice/93482/appendix-g-_-buy-canadian-attestation-form.pdf
PO-022872,NCC-DC-040047-NRFP,NCC,yes,Construction Manager – Building Adaptation Project,2026-07-06,construction-manager-building-adaptation-project-ncc-dc-040047-nrfp_en_revised-final.pdf,pdf,drawing/ift,https://canadabuys.canada.ca/sites/default/files/webform/tender_notice/93482/construction-manager-building-adaptation-project-ncc-dc-040047-nrfp_en_revised-final.pdf
PO-022872,NCC-DC-040047-NRFP,NCC,yes,Construction Manager – Building Adaptation Project,2026-07-06,addendum-001_construction-manager-building-adaptation-project-ncc-dc-040047-nrfp_en.pdf,pdf,addendum,https://canadabuys.canada.ca/sites/default/files/webform/tender_notice/93482/addendum-001_construction-manager-building-adaptation-project-ncc-dc-040047-nrfp_en.pdf
PO-022872,NCC-DC-040047-NRFP,NCC,yes,Construction Manager – Building Adaptation Project,2026-07-06,addendum-003_construction-manager-building-adaptation-project-ncc-dc-040047-nrfp_01_0.pdf,pdf,addendum,https://canadabuys.canada.ca/sites/default/files/webform/tender_notice/93482/addendum-003_construction-manager-building-adaptation-project-ncc-dc-040047-nrfp_01_0.pdf
PO-022872,NCC-DC-040047-NRFP,NCC,yes,Construction Manager – Building Adaptation Project,2026-07-06,appendix-f_-reference-form_-bap-cm.pdf,pdf,forms,https://canadabuys.canada.ca/sites/default/files/webform/tender_notice/93482/appendix-f_-reference-form_-bap-cm.pdf
1043610,25-58290,NRC,no,FRP402 - U66 Trisonic Wind Tunnel - Construction Management Services,2026-06-30,25-58290_revision-1_annex-c_certificate-of-insurance.pdf,pdf,unclassified,https://canadabuys.canada.ca/sites/default/files/webform/tender_notice/88614/25-58290_revision-1_annex-c_certificate-of-insurance.pdf
1043610,25-58290,NRC,no,FRP402 - U66 Trisonic Wind Tunnel - Construction Management Services,2026-06-30,25-58290_annex-g---evaluation-criteria-scoring-matrix_matrice-devaluation-des-criteres.xlsx,xlsx,unclassified,https://canadabuys.canada.ca/sites/default/files/webform/tender_notice/88614/25-58290_annex-g---evaluation-criteria-scoring-matrix_matrice-devaluation-des-criteres.xlsx
1043610,25-58290,NRC,no,FRP402 - U66 Trisonic Wind Tunnel - Construction Management Services,2026-06-30,25-58290_annex-b2--pricing-tables.xlsx,xlsx,unclassified,https://canadabuys.canada.ca/sites/default/files/webform/tender_notice/88614/25-58290_annex-b2--pricing-tables.xlsx
1043610,25-58290,NRC,no,FRP402 - U66 Trisonic Wind Tunnel - Construction Management Services,2026-06-30,25-58290_addendum-qa_qr_6.pdf,pdf,addendum,https://canadabuys.canada.ca/sites/default/files/webform/tender_notice/88614/25-58290_addendum-qa_qr_6.pdf
1043610,25-58290,NRC,no,FRP402 - U66 Trisonic Wind Tunnel - Construction Management Services,2026-06-30,25-58290_appendix-2a---csp_afr_canadian-legal-entitites.pdf,pdf,unclassified,https://canadabuys.canada.ca/sites/default/files/webform/tender_notice/88614/25-58290_appendix-2a---csp_afr_canadian-legal-entitites.pdf
1043610,25-58290,NRC,no,FRP402 - U66 Trisonic Wind Tunnel - Construction Management Services,2026-06-30,25-58200_annex-a---statement-of-work.pdf,pdf,unclassified,https://canadabuys.canada.ca/sites/default/files/webform/tender_notice/88614/25-58200_annex-a---statement-of-work.pdf
1043610,25-58290,NRC,no,FRP402 - U66 Trisonic Wind Tunnel - Construction Management Services,2026-06-30,25-58290_appendix-2b---csp_international-security-screening-form.pdf,pdf,forms,https://canadabuys.canada.ca/sites/default/files/webform/tender_notice/88614/25-58290_appendix-2b---csp_international-security-screening-form.pdf
1043610,25-58290,NRC,no,FRP402 - U66 Trisonic Wind Tunnel - Construction Management Services,2026-06-30,25-58290_annex-e---indigenous-participation-plan-(ipp---revision-1.pdf,pdf,plan,https://canadabuys.canada.ca/sites/default/files/webform/tender_notice/88614/25-58290_annex-e---indigenous-participation-plan-%28ipp---revision-1.pdf
1043610,25-58290,NRC,no,FRP402 - U66 Trisonic Wind Tunnel - Construction Management Services,2026-06-30,25-58290_notice-of-proposed-procurement-(npp.pdf,pdf,unclassified,https://canadabuys.canada.ca/sites/default/files/webform/tender_notice/88614/25-58290_notice-of-proposed-procurement-%28npp.pdf
1043610,25-58290,NRC,no,FRP402 - U66 Trisonic Wind Tunnel - Construction Management Services,2026-06-30,revised-25-58290_rfp-construction-management-(cm-services--402.pdf,pdf,drawing/ift,https://canadabuys.canada.ca/sites/default/files/webform/tender_notice/88614/revised-25-58290_rfp-construction-management-%28cm-services--402.pdf
1043610,25-58290,NRC,no,FRP402 - U66 Trisonic Wind Tunnel - Construction Management Services,2026-06-30,25-58290_revision-1---mandatory-evaluation-criteria.pdf,pdf,unclassified,https://canadabuys.canada.ca/sites/default/files/webform/tender_notice/88614/25-58290_revision-1---mandatory-evaluation-criteria.pdf
1043610,25-58290,NRC,no,FRP402 - U66 Trisonic Wind Tunnel - Construction Management Services,2026-06-30,25-58290_addendum-qa_qr_8.pdf,pdf,addendum,https://canadabuys.canada.ca/sites/default/files/webform/tender_notice/88614/25-58290_addendum-qa_qr_8.pdf
1043610,25-58290,NRC,no,FRP402 - U66 Trisonic Wind Tunnel - Construction Management Services,2026-06-30,25-58290_addendum-qa_qr_5.pdf,pdf,addendum,https://canadabuys.canada.ca/sites/default/files/webform/tender_notice/88614/25-58290_addendum-qa_qr_5.pdf
1043610,25-58290,NRC,no,FRP402 - U66 Trisonic Wind Tunnel - Construction Management Services,2026-06-30,25-58290_addendum-qa_qr_3.pdf,pdf,addendum,https://canadabuys.canada.ca/sites/default/files/webform/tender_notice/88614/25-58290_addendum-qa_qr_3.pdf
1043610,25-58290,NRC,no,FRP402 - U66 Trisonic Wind Tunnel - Construction Management Services,2026-06-30,25-58290_addendum-qa_qr_2_1.pdf,pdf,addendum,https://canadabuys.canada.ca/sites/default/files/webform/tender_notice/88614/25-58290_addendum-qa_qr_2_1.pdf
1043610,25-58290,NRC,no,FRP402 - U66 Trisonic Wind Tunnel - Construction Management Services,2026-06-30,25-58290_addendum-qa_qr_1.pdf,pdf,addendum,https://canadabuys.canada.ca/sites/default/files/webform/tender_notice/88614/25-58290_addendum-qa_qr_1.pdf
1043610,25-58290,NRC,no,FRP402 - U66 Trisonic Wind Tunnel - Construction Management Services,2026-06-30,25-58290_addendum-qa_qr_4-_0.pdf,pdf,addendum,https://canadabuys.canada.ca/sites/default/files/webform/tender_notice/88614/25-58290_addendum-qa_qr_4-_0.pdf
1043610,25-58290,NRC,no,FRP402 - U66 Trisonic Wind Tunnel - Construction Management Services,2026-06-30,25-58290_addendum-qa_qr_7_0.pdf,pdf,addendum,https://canadabuys.canada.ca/sites/default/files/webform/tender_notice/88614/25-58290_addendum-qa_qr_7_0.pdf
PO-022628,NCC-RFP-039822,NCC,yes,NCC-RFP-039822- Canada Pacific Railway (CPR) Overhead Bridge Rehabilitation,2026-06-04,ncc-rfp-039822--canada-pacific-railway-(cpr-overhead-bridge-rehabilitation_030626.pdf,pdf,rfp/itt,https://canadabuys.canada.ca/sites/default/files/webform/tender_notice/90155/ncc-rfp-039822--canada-pacific-railway-%28cpr-overhead-bridge-rehabilitation_030626.pdf
PO-022628,NCC-RFP-039822,NCC,yes,NCC-RFP-039822- Canada Pacific Railway (CPR) Overhead Bridge Rehabilitation,2026-06-04,addendum-3--cpr-tender.pdf,pdf,addendum,https://canadabuys.canada.ca/sites/default/files/webform/tender_notice/90155/addendum-3--cpr-tender.pdf
PO-022628,NCC-RFP-039822,NCC,yes,NCC-RFP-039822- Canada Pacific Railway (CPR) Overhead Bridge Rehabilitation,2026-06-04,addendum-1--cpr-_en.pdf,pdf,addendum,https://canadabuys.canada.ca/sites/default/files/webform/tender_notice/90155/addendum-1--cpr-_en.pdf
PO-022628,NCC-RFP-039822,NCC,yes,NCC-RFP-039822- Canada Pacific Railway (CPR) Overhead Bridge Rehabilitation,2026-06-04,sjam-cpr-bridge-condition-assessment-report--final.pdf,pdf,unclassified,https://canadabuys.canada.ca/sites/default/files/webform/tender_notice/90155/sjam-cpr-bridge-condition-assessment-report--final.pdf
PO-022628,NCC-RFP-039822,NCC,yes,NCC-RFP-039822- Canada Pacific Railway (CPR) Overhead Bridge Rehabilitation,2026-06-04,updated-spill-report-form---july-2021_en_fr.pdf,pdf,forms,https://canadabuys.canada.ca/sites/default/files/webform/tender_notice/90155/updated-spill-report-form---july-2021_en_fr.pdf
PO-022628,NCC-RFP-039822,NCC,yes,NCC-RFP-039822- Canada Pacific Railway (CPR) Overhead Bridge Rehabilitation,2026-06-04,ncc-rfp-039822--canada-pacific-railway-(cpr-overhead-bridge-rehabilitation_rev001031826.pdf,pdf,rfp/itt,https://canadabuys.canada.ca/sites/default/files/webform/tender_notice/90155/ncc-rfp-039822--canada-pacific-railway-%28cpr-overhead-bridge-rehabilitation_rev001031826.pdf
PO-022628,NCC-RFP-039822,NCC,yes,NCC-RFP-039822- Canada Pacific Railway (CPR) Overhead Bridge Rehabilitation,2026-06-04,mmf-en-cpr.pdf,pdf,unclassified,https://canadabuys.canada.ca/sites/default/files/webform/tender_notice/90155/mmf-en-cpr.pdf
PO-022628,NCC-RFP-039822,NCC,yes,NCC-RFP-039822- Canada Pacific Railway (CPR) Overhead Bridge Rehabilitation,2026-06-04,ca0016563.1951---cpr-drawings-en.pdf,pdf,drawing,https://canadabuys.canada.ca/sites/default/files/webform/tender_notice/90155/ca0016563.1951---cpr-drawings-en.pdf
PO-022628,NCC-RFP-039822,NCC,yes,NCC-RFP-039822- Canada Pacific Railway (CPR) Overhead Bridge Rehabilitation,2026-06-04,addendum-2--cpr-tender_en.pdf,pdf,addendum,https://canadabuys.canada.ca/sites/default/files/webform/tender_notice/90155/addendum-2--cpr-tender_en.pdf
PO-022628,NCC-RFP-039822,NCC,yes,NCC-RFP-039822- Canada Pacific Railway (CPR) Overhead Bridge Rehabilitation,2026-06-04,cdv_20240628_ca0016563.1951_updated-condition-assessment-and-option-analysis-report.pdf,pdf,unclassified,https://canadabuys.canada.ca/sites/default/files/webform/tender_notice/90155/cdv_20240628_ca0016563.1951_updated-condition-assessment-and-option-analysis-report.pdf
PO-022628,NCC-RFP-039822,NCC,yes,NCC-RFP-039822- Canada Pacific Railway (CPR) Overhead Bridge Rehabilitation,2026-06-04,ca0016563.1951---cpr-specs-en.pdf,pdf,specification,https://canadabuys.canada.ca/sites/default/files/webform/tender_notice/90155/ca0016563.1951---cpr-specs-en.pdf
PO-022628,NCC-RFP-039822,NCC,yes,NCC-RFP-039822- Canada Pacific Railway (CPR) Overhead Bridge Rehabilitation,2026-06-04,appendix-b_green-demo-waste-audit-form_template_2025.xlsx,xlsx,forms,https://canadabuys.canada.ca/sites/default/files/webform/tender_notice/90155/appendix-b_green-demo-waste-audit-form_template_2025.xlsx
PO-022531,NCC-DC-PST-001139-RFPQ,NCC,yes,REQUEST FOR PREQUALIFICATION FOR GENERAL CONTRACTOR FOR THE NATIONAL MONUMENT TO CANADA’S MISSION IN AFGHANISTAN,2026-05-14,ncc-dc-0001139-rfpq-the-national-monument-to-canadas-mission-in-afghanistan_en_0.pdf,pdf,rfp/itt,https://canadabuys.canada.ca/sites/default/files/webform/tender_notice/82174/ncc-dc-0001139-rfpq-the-national-monument-to-canadas-mission-in-afghanistan_en_0.pdf
PO-022531,NCC-DC-PST-001139-RFPQ,NCC,yes,REQUEST FOR PREQUALIFICATION FOR GENERAL CONTRACTOR FOR THE NATIONAL MONUMENT TO CANADA’S MISSION IN AFGHANISTAN,2026-05-14,project-documentsdrawings-en_.zip,zip,drawing,https://canadabuys.canada.ca/sites/default/files/webform/tender_notice/82174/project-documentsdrawings-en_.zip
PO-022531,NCC-DC-PST-001139-RFPQ,NCC,yes,REQUEST FOR PREQUALIFICATION FOR GENERAL CONTRACTOR FOR THE NATIONAL MONUMENT TO CANADA’S MISSION IN AFGHANISTAN,2026-05-14,addendum-1-(1.pdf,pdf,addendum,https://canadabuys.canada.ca/sites/default/files/webform/tender_notice/82174/addendum-1-%281.pdf
1041326,25-58108,NRC,no,M-55 Office Accommodations Project,2026-04-28,25-58108_addendum-qa_qr_7.pdf,pdf,addendum,https://canadabuys.canada.ca/sites/default/files/webform/tender_notice/75312/25-58108_addendum-qa_qr_7.pdf
1041326,25-58108,NRC,no,M-55 Office Accommodations Project,2026-04-28,25-58108_addendum-addenda_5.pdf,pdf,addendum,https://canadabuys.canada.ca/sites/default/files/webform/tender_notice/75312/25-58108_addendum-addenda_5.pdf
1041326,25-58108,NRC,no,M-55 Office Accommodations Project,2026-04-28,25-58108_addendum-qa_qr_3_0.pdf,pdf,addendum,https://canadabuys.canada.ca/sites/default/files/webform/tender_notice/75312/25-58108_addendum-qa_qr_3_0.pdf
1041326,25-58108,NRC,no,M-55 Office Accommodations Project,2026-04-28,form-5-afr_en.pdf,pdf,forms,https://canadabuys.canada.ca/sites/default/files/webform/tender_notice/75312/form-5-afr_en.pdf
1041326,25-58108,NRC,no,M-55 Office Accommodations Project,2026-04-28,25-58108_addendum-qa_qr_9.pdf,pdf,addendum,https://canadabuys.canada.ca/sites/default/files/webform/tender_notice/75312/25-58108_addendum-qa_qr_9.pdf
1041326,25-58108,NRC,no,M-55 Office Accommodations Project,2026-04-28,appendix-d-srcl.pdf,pdf,unclassified,https://canadabuys.canada.ca/sites/default/files/webform/tender_notice/75312/appendix-d-srcl.pdf
1041326,25-58108,NRC,no,M-55 Office Accommodations Project,2026-04-28,appendix-c-m-55-tor_en.pdf,pdf,unclassified,https://canadabuys.canada.ca/sites/default/files/webform/tender_notice/75312/appendix-c-m-55-tor_en.pdf
1041326,25-58108,NRC,no,M-55 Office Accommodations Project,2026-04-28,25-58108_addendum-addenda_11.pdf,pdf,addendum,https://canadabuys.canada.ca/sites/default/files/webform/tender_notice/75312/25-58108_addendum-addenda_11.pdf
1041326,25-58108,NRC,no,M-55 Office Accommodations Project,2026-04-28,25-58108_addendum-qa_qr_6.pdf,pdf,addendum,https://canadabuys.canada.ca/sites/default/files/webform/tender_notice/75312/25-58108_addendum-qa_qr_6.pdf
1041326,25-58108,NRC,no,M-55 Office Accommodations Project,2026-04-28,25-58108_addendum-qa_qr_2.pdf,pdf,addendum,https://canadabuys.canada.ca/sites/default/files/webform/tender_notice/75312/25-58108_addendum-qa_qr_2.pdf
1041326,25-58108,NRC,no,M-55 Office Accommodations Project,2026-04-28,25-58108_addendum-qa_qr_10.pdf,pdf,addendum,https://canadabuys.canada.ca/sites/default/files/webform/tender_notice/75312/25-58108_addendum-qa_qr_10.pdf
1041326,25-58108,NRC,no,M-55 Office Accommodations Project,2026-04-28,25-58108_addendum-qa_qr_8_1.pdf,pdf,addendum,https://canadabuys.canada.ca/sites/default/files/webform/tender_notice/75312/25-58108_addendum-qa_qr_8_1.pdf
1041326,25-58108,NRC,no,M-55 Office Accommodations Project,2026-04-28,25-58108_addendum-qa_qr_4.pdf,pdf,addendum,https://canadabuys.canada.ca/sites/default/files/webform/tender_notice/75312/25-58108_addendum-qa_qr_4.pdf
1041326,25-58108,NRC,no,M-55 Office Accommodations Project,2026-04-28,form-4-integrity-list-names_en.pdf,pdf,forms,https://canadabuys.canada.ca/sites/default/files/webform/tender_notice/75312/form-4-integrity-list-names_en.pdf
1041326,25-58108,NRC,no,M-55 Office Accommodations Project,2026-04-28,25-58108_addendum-qa_qr_1.pdf,pdf,addendum,https://canadabuys.canada.ca/sites/default/files/webform/tender_notice/75312/25-58108_addendum-qa_qr_1.pdf
1041326,25-58108,NRC,no,M-55 Office Accommodations Project,2026-04-28,rfp-25-58108_fillable-appendix-and-forms_en.pdf,pdf,rfp/itt,https://canadabuys.canada.ca/sites/default/files/webform/tender_notice/75312/rfp-25-58108_fillable-appendix-and-forms_en.pdf
1041326,25-58108,NRC,no,M-55 Office Accommodations Project,2026-04-28,rfp-25-58108_en.pdf,pdf,rfp/itt,https://canadabuys.canada.ca/sites/default/files/webform/tender_notice/75312/rfp-25-58108_en.pdf
1041326,25-58108,NRC,no,M-55 Office Accommodations Project,2026-04-28,25-58108_addendum-addenda_12.pdf,pdf,addendum,https://canadabuys.canada.ca/sites/default/files/webform/tender_notice/75312/25-58108_addendum-addenda_12.pdf
1041326,25-58108,NRC,no,M-55 Office Accommodations Project,2026-04-28,form-6-initial_international_security_screening_form_en.pdf,pdf,forms,https://canadabuys.canada.ca/sites/default/files/webform/tender_notice/75312/form-6-initial_international_security_screening_form_en.pdf
1040447,25-58241,NRC,no,M6 Catwalk Repairs,2026-03-06,5874-drawing-3-of-9_0.pdf,pdf,drawing,https://canadabuys.canada.ca/sites/default/files/webform/tender_notice/84559/5874-drawing-3-of-9_0.pdf
1040447,25-58241,NRC,no,M6 Catwalk Repairs,2026-03-06,5874-drawing-8-of-9_0.pdf,pdf,drawing,https://canadabuys.canada.ca/sites/default/files/webform/tender_notice/84559/5874-drawing-8-of-9_0.pdf
1040447,25-58241,NRC,no,M6 Catwalk Repairs,2026-03-06,25-58241---tender-package-english_1.pdf,pdf,tender documents,https://canadabuys.canada.ca/sites/default/files/webform/tender_notice/84559/25-58241---tender-package-english_1.pdf
1040447,25-58241,NRC,no,M6 Catwalk Repairs,2026-03-06,5874-drawing-1-of-9_0.pdf,pdf,drawing,https://canadabuys.canada.ca/sites/default/files/webform/tender_notice/84559/5874-drawing-1-of-9_0.pdf
1040447,25-58241,NRC,no,M6 Catwalk Repairs,2026-03-06,5874-drawing-5-of-9_0.pdf,pdf,drawing,https://canadabuys.canada.ca/sites/default/files/webform/tender_notice/84559/5874-drawing-5-of-9_0.pdf
1040447,25-58241,NRC,no,M6 Catwalk Repairs,2026-03-06,5874-drawing-6-of-9_0.pdf,pdf,drawing,https://canadabuys.canada.ca/sites/default/files/webform/tender_notice/84559/5874-drawing-6-of-9_0.pdf
1040447,25-58241,NRC,no,M6 Catwalk Repairs,2026-03-06,5874-drawing-2-of-9_0.pdf,pdf,drawing,https://canadabuys.canada.ca/sites/default/files/webform/tender_notice/84559/5874-drawing-2-of-9_0.pdf
1040447,25-58241,NRC,no,M6 Catwalk Repairs,2026-03-06,5874-drawing-4-of-9_0.pdf,pdf,drawing,https://canadabuys.canada.ca/sites/default/files/webform/tender_notice/84559/5874-drawing-4-of-9_0.pdf
1040447,25-58241,NRC,no,M6 Catwalk Repairs,2026-03-06,5874-drawing-9-of-9_0.pdf,pdf,drawing,https://canadabuys.canada.ca/sites/default/files/webform/tender_notice/84559/5874-drawing-9-of-9_0.pdf
1040447,25-58241,NRC,no,M6 Catwalk Repairs,2026-03-06,5874-drawing-7-of-9_0.pdf,pdf,drawing,https://canadabuys.canada.ca/sites/default/files/webform/tender_notice/84559/5874-drawing-7-of-9_0.pdf
1040447,25-58241,NRC,no,M6 Catwalk Repairs,2026-03-06,25-58241---addendum-no.3_e.pdf,pdf,addendum,https://canadabuys.canada.ca/sites/default/files/webform/tender_notice/84559/25-58241---addendum-no.3_e.pdf
1040447,25-58241,NRC,no,M6 Catwalk Repairs,2026-03-06,25-58241---addendum-no.2_e.pdf,pdf,addendum,https://canadabuys.canada.ca/sites/default/files/webform/tender_notice/84559/25-58241---addendum-no.2_e.pdf
1040447,25-58241,NRC,no,M6 Catwalk Repairs,2026-03-06,25-58241_addenda-01_en.pdf,pdf,addendum,https://canadabuys.canada.ca/sites/default/files/webform/tender_notice/84559/25-58241_addenda-01_en.pdf
PO-022276,NCC-DC-039024-RFP,NCC,yes,Portage Bridge Quebec Shoreline,2026-02-26,addendum-8_1.pdf,pdf,addendum,https://canadabuys.canada.ca/sites/default/files/webform/tender_notice/80486/addendum-8_1.pdf
PO-022276,NCC-DC-039024-RFP,NCC,yes,Portage Bridge Quebec Shoreline,2026-02-26,addendum-4-pbqs.pdf,pdf,addendum,https://canadabuys.canada.ca/sites/default/files/webform/tender_notice/80486/addendum-4-pbqs.pdf
PO-022276,NCC-DC-039024-RFP,NCC,yes,Portage Bridge Quebec Shoreline,2026-02-26,addendum-7.pdf,pdf,addendum,https://canadabuys.canada.ca/sites/default/files/webform/tender_notice/80486/addendum-7.pdf
PO-022276,NCC-DC-039024-RFP,NCC,yes,Portage Bridge Quebec Shoreline,2026-02-26,addendum-6.pdf,pdf,addendum,https://canadabuys.canada.ca/sites/default/files/webform/tender_notice/80486/addendum-6.pdf
PO-022276,NCC-DC-039024-RFP,NCC,yes,Portage Bridge Quebec Shoreline,2026-02-26,pbqs-tender-documents.zip,zip,tender documents,https://canadabuys.canada.ca/sites/default/files/webform/tender_notice/80486/pbqs-tender-documents.zip
PO-022276,NCC-DC-039024-RFP,NCC,yes,Portage Bridge Quebec Shoreline,2026-02-26,addendum-5.pdf,pdf,addendum,https://canadabuys.canada.ca/sites/default/files/webform/tender_notice/80486/addendum-5.pdf
PO-022276,NCC-DC-039024-RFP,NCC,yes,Portage Bridge Quebec Shoreline,2026-02-26,pbqs-form.xlsx,xlsx,forms,https://canadabuys.canada.ca/sites/default/files/webform/tender_notice/80486/pbqs-form.xlsx
PO-022276,NCC-DC-039024-RFP,NCC,yes,Portage Bridge Quebec Shoreline,2026-02-26,final_mmf_portage_shore_ph3_qul_en.pdf,pdf,unclassified,https://canadabuys.canada.ca/sites/default/files/webform/tender_notice/80486/final_mmf_portage_shore_ph3_qul_en.pdf
PO-022276,NCC-DC-039024-RFP,NCC,yes,Portage Bridge Quebec Shoreline,2026-02-26,addendum-3-portage-bridge-quebec-shoreline_0.pdf,pdf,addendum,https://canadabuys.canada.ca/sites/default/files/webform/tender_notice/80486/addendum-3-portage-bridge-quebec-shoreline_0.pdf
PO-022276,NCC-DC-039024-RFP,NCC,yes,Portage Bridge Quebec Shoreline,2026-02-26,addendum-1.pdf,pdf,addendum,https://canadabuys.canada.ca/sites/default/files/webform/tender_notice/80486/addendum-1.pdf
PO-022276,NCC-DC-039024-RFP,NCC,yes,Portage Bridge Quebec Shoreline,2026-02-26,addendum-2-portage-bridge-quebec-shoreline.pdf,pdf,addendum,https://canadabuys.canada.ca/sites/default/files/webform/tender_notice/80486/addendum-2-portage-bridge-quebec-shoreline.pdf
CSE-2025-26-098,CSE-2025-26-098,other,no,Ottawa B20 Summer Boiler Replacement,2026-02-05,rfp-2025-098-(eng.pdf,pdf,rfp/itt,https://canadabuys.canada.ca/sites/default/files/webform/tender_notice/82734/rfp-2025-098-%28eng.pdf
CSE-2025-26-098,CSE-2025-26-098,other,no,Ottawa B20 Summer Boiler Replacement,2026-02-05,addendum-2-2025-098.pdf,pdf,addendum,https://canadabuys.canada.ca/sites/default/files/webform/tender_notice/82734/addendum-2-2025-098.pdf
CSE-2025-26-098,CSE-2025-26-098,other,no,Ottawa B20 Summer Boiler Replacement,2026-02-05,qa-1-2025-098.pdf,pdf,unclassified,https://canadabuys.canada.ca/sites/default/files/webform/tender_notice/82734/qa-1-2025-098.pdf
CSE-2025-26-098,CSE-2025-26-098,other,no,Ottawa B20 Summer Boiler Replacement,2026-02-05,addendum-1-2025-098.pdf,pdf,addendum,https://canadabuys.canada.ca/sites/default/files/webform/tender_notice/82734/addendum-1-2025-098.pdf
1037977,25-58165,NRC,no,M-55 Ground Floor Interim Fit-up,2026-01-20,25-58165_addendum-qa_qr_3_0.pdf,pdf,addendum,https://canadabuys.canada.ca/sites/default/files/webform/tender_notice/77271/25-58165_addendum-qa_qr_3_0.pdf
1037977,25-58165,NRC,no,M-55 Ground Floor Interim Fit-up,2026-01-20,25-58165_addendum-qa_qr_1.pdf,pdf,addendum,https://canadabuys.canada.ca/sites/default/files/webform/tender_notice/77271/25-58165_addendum-qa_qr_1.pdf
1037977,25-58165,NRC,no,M-55 Ground Floor Interim Fit-up,2026-01-20,6835-arch-a07-updated-en_0.pdf,pdf,unclassified,https://canadabuys.canada.ca/sites/default/files/webform/tender_notice/77271/6835-arch-a07-updated-en_0.pdf
1037977,25-58165,NRC,no,M-55 Ground Floor Interim Fit-up,2026-01-20,25-58165_addendum-qa_qr_5_0.pdf,pdf,addendum,https://canadabuys.canada.ca/sites/default/files/webform/tender_notice/77271/25-58165_addendum-qa_qr_5_0.pdf
1037977,25-58165,NRC,no,M-55 Ground Floor Interim Fit-up,2026-01-20,25-58165_addendum-qa_qr_2_1.pdf,pdf,addendum,https://canadabuys.canada.ca/sites/default/files/webform/tender_notice/77271/25-58165_addendum-qa_qr_2_1.pdf
1037977,25-58165,NRC,no,M-55 Ground Floor Interim Fit-up,2026-01-20,25-58165---notice-of-proposed-procurement-npp---publication-dun-avis-de-projet-de-marche-apm_1_2.pdf,pdf,unclassified,https://canadabuys.canada.ca/sites/default/files/webform/tender_notice/77271/25-58165---notice-of-proposed-procurement-npp---publication-dun-avis-de-projet-de-marche-apm_1_2.pdf
1037977,25-58165,NRC,no,M-55 Ground Floor Interim Fit-up,2026-01-20,25-58165---m-55-ground-floor-interim-fit-up--tender-package---en1.pdf,pdf,tender documents,https://canadabuys.canada.ca/sites/default/files/webform/tender_notice/77271/25-58165---m-55-ground-floor-interim-fit-up--tender-package---en1.pdf
1037977,25-58165,NRC,no,M-55 Ground Floor Interim Fit-up,2026-01-20,25-58165_addendum-qa_qr_4.pdf,pdf,addendum,https://canadabuys.canada.ca/sites/default/files/webform/tender_notice/77271/25-58165_addendum-qa_qr_4.pdf
1037977,25-58165,NRC,no,M-55 Ground Floor Interim Fit-up,2026-01-20,25-58165---m-55-ground-floor-interim-fit-up--tender-drawings---en_2_1.pdf,pdf,drawing,https://canadabuys.canada.ca/sites/default/files/webform/tender_notice/77271/25-58165---m-55-ground-floor-interim-fit-up--tender-drawings---en_2_1.pdf
1037977,25-58165,NRC,no,M-55 Ground Floor Interim Fit-up,2026-01-20,096813-tile-carpeting-updated-en_0.pdf,pdf,unclassified,https://canadabuys.canada.ca/sites/default/files/webform/tender_notice/77271/096813-tile-carpeting-updated-en_0.pdf
1037020,25-58140,NRC,no,Renovation of Stairs and Railings at Building S-77,2025-11-19,25-58140_qr-qetr_2_0.pdf,pdf,unclassified,https://canadabuys.canada.ca/sites/default/files/webform/tender_notice/73973/25-58140_qr-qetr_2_0.pdf
1037020,25-58140,NRC,no,Renovation of Stairs and Railings at Building S-77,2025-11-19,25-58140_plans_en-fr_0.pdf,pdf,plan,https://canadabuys.canada.ca/sites/default/files/webform/tender_notice/73973/25-58140_plans_en-fr_0.pdf
1037020,25-58140,NRC,no,Renovation of Stairs and Railings at Building S-77,2025-11-19,25-58140_qr-qetr_1.pdf,pdf,unclassified,https://canadabuys.canada.ca/sites/default/files/webform/tender_notice/73973/25-58140_qr-qetr_1.pdf
1037020,25-58140,NRC,no,Renovation of Stairs and Railings at Building S-77,2025-11-19,25-58140_qr-qetr_3.pdf,pdf,unclassified,https://canadabuys.canada.ca/sites/default/files/webform/tender_notice/73973/25-58140_qr-qetr_3.pdf
1037020,25-58140,NRC,no,Renovation of Stairs and Railings at Building S-77,2025-11-19,25-58140_tenderpackage_renovationofstairsandraillingsatbuildings77_1.pdf,pdf,tender documents,https://canadabuys.canada.ca/sites/default/files/webform/tender_notice/73973/25-58140_tenderpackage_renovationofstairsandraillingsatbuildings77_1.pdf
1037020,25-58140,NRC,no,Renovation of Stairs and Railings at Building S-77,2025-11-19,25-58140_npp.noticeofproposedprocurement-avisdeprojetdemarche.apm__3.pdf,pdf,unclassified,https://canadabuys.canada.ca/sites/default/files/webform/tender_notice/73973/25-58140_npp.noticeofproposedprocurement-avisdeprojetdemarche.apm__3.pdf
1036733,25-58035,NRC,no,S77 Chiller Enclosure,2025-11-10,25-58035_tender-package_en_0.pdf,pdf,tender documents,https://canadabuys.canada.ca/sites/default/files/webform/tender_notice/75402/25-58035_tender-package_en_0.pdf
1036733,25-58035,NRC,no,S77 Chiller Enclosure,2025-11-10,25-58035_tender-package_en.pdf,pdf,tender documents,https://canadabuys.canada.ca/sites/default/files/webform/tender_notice/75402/25-58035_tender-package_en.pdf
1036733,25-58035,NRC,no,S77 Chiller Enclosure,2025-11-10,25-58035_amendment_modification_001_enfr.pdf,pdf,unclassified,https://canadabuys.canada.ca/sites/default/files/webform/tender_notice/75402/25-58035_amendment_modification_001_enfr.pdf
1036733,25-58035,NRC,no,S77 Chiller Enclosure,2025-11-10,25-58035_drawings_en.pdf,pdf,drawing,https://canadabuys.canada.ca/sites/default/files/webform/tender_notice/75402/25-58035_drawings_en.pdf
1036733,25-58035,NRC,no,S77 Chiller Enclosure,2025-11-10,25-58035_dshms_en.pdf,pdf,unclassified,https://canadabuys.canada.ca/sites/default/files/webform/tender_notice/75402/25-58035_dshms_en.pdf
1036733,25-58035,NRC,no,S77 Chiller Enclosure,2025-11-10,25-58035_notice-of-proposed-procurement_en.pdf,pdf,unclassified,https://canadabuys.canada.ca/sites/default/files/webform/tender_notice/75402/25-58035_notice-of-proposed-procurement_en.pdf
7282178,202502519,other,no,"Construction: Technical Protective Operations Facility (TPOF) Code Deficiency Upgrades, Ottawa Ontario",2025-11-04,rcmp_solicitation_amendment-03.pdf,pdf,unclassified,https://canadabuys.canada.ca/sites/default/files/webform/tender_notice/72974/rcmp_solicitation_amendment-03.pdf
7282178,202502519,other,no,"Construction: Technical Protective Operations Facility (TPOF) Code Deficiency Upgrades, Ottawa Ontario",2025-11-04,architectural_architecture_0.pdf,pdf,unclassified,https://canadabuys.canada.ca/sites/default/files/webform/tender_notice/72974/architectural_architecture_0.pdf
7282178,202502519,other,no,"Construction: Technical Protective Operations Facility (TPOF) Code Deficiency Upgrades, Ottawa Ontario",2025-11-04,addendum-addenda-1-en-fr.pdf,pdf,addendum,https://canadabuys.canada.ca/sites/default/files/webform/tender_notice/72974/addendum-addenda-1-en-fr.pdf
7282178,202502519,other,no,"Construction: Technical Protective Operations Facility (TPOF) Code Deficiency Upgrades, Ottawa Ontario",2025-11-04,mechanical_mecanique.pdf,pdf,unclassified,https://canadabuys.canada.ca/sites/default/files/webform/tender_notice/72974/mechanical_mecanique.pdf
7282178,202502519,other,no,"Construction: Technical Protective Operations Facility (TPOF) Code Deficiency Upgrades, Ottawa Ontario",2025-11-04,202502519-construction_itt_(2-step_final_2025-08-27.pdf,pdf,drawing/ift,https://canadabuys.canada.ca/sites/default/files/webform/tender_notice/72974/202502519-construction_itt_%282-step_final_2025-08-27.pdf
7282178,202502519,other,no,"Construction: Technical Protective Operations Facility (TPOF) Code Deficiency Upgrades, Ottawa Ontario",2025-11-04,security_securite.pdf,pdf,unclassified,https://canadabuys.canada.ca/sites/default/files/webform/tender_notice/72974/security_securite.pdf
7282178,202502519,other,no,"Construction: Technical Protective Operations Facility (TPOF) Code Deficiency Upgrades, Ottawa Ontario",2025-11-04,rcmp_solicitation_amendment-05-v2.pdf,pdf,unclassified,https://canadabuys.canada.ca/sites/default/files/webform/tender_notice/72974/rcmp_solicitation_amendment-05-v2.pdf
7282178,202502519,other,no,"Construction: Technical Protective Operations Facility (TPOF) Code Deficiency Upgrades, Ottawa Ontario",2025-11-04,structural_structure.pdf,pdf,drawing/ift,https://canadabuys.canada.ca/sites/default/files/webform/tender_notice/72974/structural_structure.pdf
7282178,202502519,other,no,"Construction: Technical Protective Operations Facility (TPOF) Code Deficiency Upgrades, Ottawa Ontario",2025-11-04,rcmp_solicitation_amendment-01_2.pdf,pdf,unclassified,https://canadabuys.canada.ca/sites/default/files/webform/tender_notice/72974/rcmp_solicitation_amendment-01_2.pdf
7282178,202502519,other,no,"Construction: Technical Protective Operations Facility (TPOF) Code Deficiency Upgrades, Ottawa Ontario",2025-11-04,full-set-english-specifications.pdf,pdf,specification,https://canadabuys.canada.ca/sites/default/files/webform/tender_notice/72974/full-set-english-specifications.pdf
7282178,202502519,other,no,"Construction: Technical Protective Operations Facility (TPOF) Code Deficiency Upgrades, Ottawa Ontario",2025-11-04,rcmp-grc-addendum-addenda-2.pdf,pdf,addendum,https://canadabuys.canada.ca/sites/default/files/webform/tender_notice/72974/rcmp-grc-addendum-addenda-2.pdf
7282178,202502519,other,no,"Construction: Technical Protective Operations Facility (TPOF) Code Deficiency Upgrades, Ottawa Ontario",2025-11-04,rcmp_solicitation_amendment-02.pdf,pdf,unclassified,https://canadabuys.canada.ca/sites/default/files/webform/tender_notice/72974/rcmp_solicitation_amendment-02.pdf
7282178,202502519,other,no,"Construction: Technical Protective Operations Facility (TPOF) Code Deficiency Upgrades, Ottawa Ontario",2025-11-04,electrical_electrique.pdf,pdf,drawing/ift,https://canadabuys.canada.ca/sites/default/files/webform/tender_notice/72974/electrical_electrique.pdf
7282178,202502519,other,no,"Construction: Technical Protective Operations Facility (TPOF) Code Deficiency Upgrades, Ottawa Ontario",2025-11-04,rcmp_solicitation_amendment-06.pdf,pdf,unclassified,https://canadabuys.canada.ca/sites/default/files/webform/tender_notice/72974/rcmp_solicitation_amendment-06.pdf
7282178,202502519,other,no,"Construction: Technical Protective Operations Facility (TPOF) Code Deficiency Upgrades, Ottawa Ontario",2025-11-04,rcmp_solicitation_amendment-04-en.pdf,pdf,unclassified,https://canadabuys.canada.ca/sites/default/files/webform/tender_notice/72974/rcmp_solicitation_amendment-04-en.pdf
1034958,25-58092,NRC,no,Liquid Nitrogen Filling Station Project,2025-10-15,25-58092_amendment-amendement_1.pdf,pdf,unclassified,https://canadabuys.canada.ca/sites/default/files/webform/tender_notice/69856/25-58092_amendment-amendement_1.pdf
1034958,25-58092,NRC,no,Liquid Nitrogen Filling Station Project,2025-10-15,25-58092_tenderpackage_liquidnitrogenfillingstationproject.pdf,pdf,tender documents,https://canadabuys.canada.ca/sites/default/files/webform/tender_notice/69856/25-58092_tenderpackage_liquidnitrogenfillingstationproject.pdf
1034958,25-58092,NRC,no,Liquid Nitrogen Filling Station Project,2025-10-15,25-58092_npp.noticeofproposedprocurement-avisdeprojetdemarche.apm_.pdf,pdf,unclassified,https://canadabuys.canada.ca/sites/default/files/webform/tender_notice/69856/25-58092_npp.noticeofproposedprocurement-avisdeprojetdemarche.apm_.pdf
1034958,25-58092,NRC,no,Liquid Nitrogen Filling Station Project,2025-10-15,25-58092_plans_en-fr.pdf,pdf,plan,https://canadabuys.canada.ca/sites/default/files/webform/tender_notice/69856/25-58092_plans_en-fr.pdf
1035757,25-58129,NRC,no,Rm 193 H/M Lab Retrofit,2025-10-08,25-58129_addendum-addenda-002_enfr.pdf,pdf,addendum,https://canadabuys.canada.ca/sites/default/files/webform/tender_notice/73337/25-58129_addendum-addenda-002_enfr.pdf
1035757,25-58129,NRC,no,Rm 193 H/M Lab Retrofit,2025-10-08,25-58129_tender-package_en.pdf,pdf,tender documents,https://canadabuys.canada.ca/sites/default/files/webform/tender_notice/73337/25-58129_tender-package_en.pdf
1035757,25-58129,NRC,no,Rm 193 H/M Lab Retrofit,2025-10-08,25-58129_notice-of-proposed-procurement_en.pdf,pdf,unclassified,https://canadabuys.canada.ca/sites/default/files/webform/tender_notice/73337/25-58129_notice-of-proposed-procurement_en.pdf
1035757,25-58129,NRC,no,Rm 193 H/M Lab Retrofit,2025-10-08,25-58129_addendum-addenda-001_enfr_0.pdf,pdf,addendum,https://canadabuys.canada.ca/sites/default/files/webform/tender_notice/73337/25-58129_addendum-addenda-001_enfr_0.pdf
1035757,25-58129,NRC,no,Rm 193 H/M Lab Retrofit,2025-10-08,6708-ift.pdf,pdf,drawing/ift,https://canadabuys.canada.ca/sites/default/files/webform/tender_notice/73337/6708-ift.pdf
1035452,25-58130,NRC,no,Roof Replacement Project at Building U-70,2025-10-07,25-58130_qa_qr_2.pdf,pdf,unclassified,https://canadabuys.canada.ca/sites/default/files/webform/tender_notice/72843/25-58130_qa_qr_2.pdf
1035452,25-58130,NRC,no,Roof Replacement Project at Building U-70,2025-10-07,25-58130_addendum-addenda_3.pdf,pdf,addendum,https://canadabuys.canada.ca/sites/default/files/webform/tender_notice/72843/25-58130_addendum-addenda_3.pdf
1035452,25-58130,NRC,no,Roof Replacement Project at Building U-70,2025-10-07,25-58130_plans_en-fr_0.pdf,pdf,plan,https://canadabuys.canada.ca/sites/default/files/webform/tender_notice/72843/25-58130_plans_en-fr_0.pdf
1035452,25-58130,NRC,no,Roof Replacement Project at Building U-70,2025-10-07,25-58130_addendum-addenda_2.pdf,pdf,addendum,https://canadabuys.canada.ca/sites/default/files/webform/tender_notice/72843/25-58130_addendum-addenda_2.pdf
1035452,25-58130,NRC,no,Roof Replacement Project at Building U-70,2025-10-07,25-58130_addendum-addenda_1_1.pdf,pdf,addendum,https://canadabuys.canada.ca/sites/default/files/webform/tender_notice/72843/25-58130_addendum-addenda_1_1.pdf
1035452,25-58130,NRC,no,Roof Replacement Project at Building U-70,2025-10-07,25-58130_qa_qr_5.pdf,pdf,unclassified,https://canadabuys.canada.ca/sites/default/files/webform/tender_notice/72843/25-58130_qa_qr_5.pdf
1035452,25-58130,NRC,no,Roof Replacement Project at Building U-70,2025-10-07,25-58130_qa_qr_1_1.pdf,pdf,unclassified,https://canadabuys.canada.ca/sites/default/files/webform/tender_notice/72843/25-58130_qa_qr_1_1.pdf
1035452,25-58130,NRC,no,Roof Replacement Project at Building U-70,2025-10-07,25-58130_npp.noticeofproposedprocurement-avisdeprojetdemarche.apm__0.pdf,pdf,unclassified,https://canadabuys.canada.ca/sites/default/files/webform/tender_notice/72843/25-58130_npp.noticeofproposedprocurement-avisdeprojetdemarche.apm__0.pdf
1035452,25-58130,NRC,no,Roof Replacement Project at Building U-70,2025-10-07,25-58130_qa_qr_4.pdf,pdf,unclassified,https://canadabuys.canada.ca/sites/default/files/webform/tender_notice/72843/25-58130_qa_qr_4.pdf
1035452,25-58130,NRC,no,Roof Replacement Project at Building U-70,2025-10-07,25-58130_qa_qr_3.pdf,pdf,unclassified,https://canadabuys.canada.ca/sites/default/files/webform/tender_notice/72843/25-58130_qa_qr_3.pdf
1035452,25-58130,NRC,no,Roof Replacement Project at Building U-70,2025-10-07,25-58130_tenderpackage_roofreplacementprojectatbuildingu70_0.pdf,pdf,tender documents,https://canadabuys.canada.ca/sites/default/files/webform/tender_notice/72843/25-58130_tenderpackage_roofreplacementprojectatbuildingu70_0.pdf
1035655,25-58119,NRC,no,M35 Section 4 - 7 Roof Replacement,2025-10-06,25-58119---add-no.-2---english.pdf,pdf,unclassified,https://canadabuys.canada.ca/sites/default/files/webform/tender_notice/72462/25-58119---add-no.-2---english.pdf
1035655,25-58119,NRC,no,M35 Section 4 - 7 Roof Replacement,2025-10-06,25-58119---add-no.-1.pdf,pdf,unclassified,https://canadabuys.canada.ca/sites/default/files/webform/tender_notice/72462/25-58119---add-no.-1.pdf
1035655,25-58119,NRC,no,M35 Section 4 - 7 Roof Replacement,2025-10-06,241880-nrc-m-35-roof---dwg---issued-for-tender---20250707---e.pdf,pdf,drawing,https://canadabuys.canada.ca/sites/default/files/webform/tender_notice/72462/241880-nrc-m-35-roof---dwg---issued-for-tender---20250707---e.pdf
1035655,25-58119,NRC,no,M35 Section 4 - 7 Roof Replacement,2025-10-06,25-58119---m35-section-4---7-roof-replacement---tender-package-english.pdf,pdf,tender documents,https://canadabuys.canada.ca/sites/default/files/webform/tender_notice/72462/25-58119---m35-section-4---7-roof-replacement---tender-package-english.pdf
PO-021710,NCC-DC- 37901-RFP,NCC,yes,NCC-DC- 37901-RFP-Colonel By Drive Retaining Wall Phase 2,2025-10-03,4.ncc-green-demo-waste-audit.pdf,pdf,unclassified,https://canadabuys.canada.ca/sites/default/files/webform/tender_notice/70307/4.ncc-green-demo-waste-audit.pdf
PO-021710,NCC-DC- 37901-RFP,NCC,yes,NCC-DC- 37901-RFP-Colonel By Drive Retaining Wall Phase 2,2025-10-03,cbd-ph2-struc.-ift.pdf,pdf,drawing/ift,https://canadabuys.canada.ca/sites/default/files/webform/tender_notice/70307/cbd-ph2-struc.-ift.pdf
PO-021710,NCC-DC- 37901-RFP,NCC,yes,NCC-DC- 37901-RFP-Colonel By Drive Retaining Wall Phase 2,2025-10-03,cbd-ph2-elec-ift.pdf,pdf,drawing/ift,https://canadabuys.canada.ca/sites/default/files/webform/tender_notice/70307/cbd-ph2-elec-ift.pdf
PO-021710,NCC-DC- 37901-RFP,NCC,yes,NCC-DC- 37901-RFP-Colonel By Drive Retaining Wall Phase 2,2025-10-03,cbd-ph2-spec_0.pdf,pdf,specification,https://canadabuys.canada.ca/sites/default/files/webform/tender_notice/70307/cbd-ph2-spec_0.pdf
PO-021710,NCC-DC- 37901-RFP,NCC,yes,NCC-DC- 37901-RFP-Colonel By Drive Retaining Wall Phase 2,2025-10-03,col-by-wall-at-rosedale-towards-north_topographic-survey.pdf,pdf,survey,https://canadabuys.canada.ca/sites/default/files/webform/tender_notice/70307/col-by-wall-at-rosedale-towards-north_topographic-survey.pdf
PO-021710,NCC-DC- 37901-RFP,NCC,yes,NCC-DC- 37901-RFP-Colonel By Drive Retaining Wall Phase 2,2025-10-03,geotechnical-investigation-report_july-09-2020-en.pdf,pdf,geotechnical,https://canadabuys.canada.ca/sites/default/files/webform/tender_notice/70307/geotechnical-investigation-report_july-09-2020-en.pdf
PO-021710,NCC-DC- 37901-RFP,NCC,yes,NCC-DC- 37901-RFP-Colonel By Drive Retaining Wall Phase 2,2025-10-03,addendum-2---colonel-by-retaining-wall_en.pdf,pdf,addendum,https://canadabuys.canada.ca/sites/default/files/webform/tender_notice/70307/addendum-2---colonel-by-retaining-wall_en.pdf
PO-021710,NCC-DC- 37901-RFP,NCC,yes,NCC-DC- 37901-RFP-Colonel By Drive Retaining Wall Phase 2,2025-10-03,addendum-1---ncc-dc--37901-rfp-colonel-by-drive-retaining-wall-phase-2-en_fr.pdf,pdf,addendum,https://canadabuys.canada.ca/sites/default/files/webform/tender_notice/70307/addendum-1---ncc-dc--37901-rfp-colonel-by-drive-retaining-wall-phase-2-en_fr.pdf
PO-021710,NCC-DC- 37901-RFP,NCC,yes,NCC-DC- 37901-RFP-Colonel By Drive Retaining Wall Phase 2,2025-10-03,ncc-dc-37901-rfp_colonel-by-retaining-wall.ift_.pdf,pdf,rfp/itt,https://canadabuys.canada.ca/sites/default/files/webform/tender_notice/70307/ncc-dc-37901-rfp_colonel-by-retaining-wall.ift_.pdf
PO-021710,NCC-DC- 37901-RFP,NCC,yes,NCC-DC- 37901-RFP-Colonel By Drive Retaining Wall Phase 2,2025-10-03,01-35-43-r1---environmental-protection_en.pdf,pdf,specification section,https://canadabuys.canada.ca/sites/default/files/webform/tender_notice/70307/01-35-43-r1---environmental-protection_en.pdf
PO-021710,NCC-DC- 37901-RFP,NCC,yes,NCC-DC- 37901-RFP-Colonel By Drive Retaining Wall Phase 2,2025-10-03,2.100149.046_rpt_soilscreeningreport_2025-1-23_en.pdf,pdf,environmental,https://canadabuys.canada.ca/sites/default/files/webform/tender_notice/70307/2.100149.046_rpt_soilscreeningreport_2025-1-23_en.pdf
PO-021710,NCC-DC- 37901-RFP,NCC,yes,NCC-DC- 37901-RFP-Colonel By Drive Retaining Wall Phase 2,2025-10-03,col-by-wall-around-bank-street_-topographic-survey.pdf,pdf,survey,https://canadabuys.canada.ca/sites/default/files/webform/tender_notice/70307/col-by-wall-around-bank-street_-topographic-survey.pdf
PO-021710,NCC-DC- 37901-RFP,NCC,yes,NCC-DC- 37901-RFP-Colonel By Drive Retaining Wall Phase 2,2025-10-03,cbd-ph2-la-ift.pdf,pdf,drawing/ift,https://canadabuys.canada.ca/sites/default/files/webform/tender_notice/70307/cbd-ph2-la-ift.pdf
PO-021710,NCC-DC- 37901-RFP,NCC,yes,NCC-DC- 37901-RFP-Colonel By Drive Retaining Wall Phase 2,2025-10-03,3.sar-info-sheet.pdf,pdf,unclassified,https://canadabuys.canada.ca/sites/default/files/webform/tender_notice/70307/3.sar-info-sheet.pdf
1035147,25-58111,NRC,no,M-58 Section 03 Roof Replacement,2025-09-19,6745---m58-section-03-roof-replacement-project---workingdrawings--en.pdf,pdf,drawing,https://canadabuys.canada.ca/sites/default/files/webform/tender_notice/71626/6745---m58-section-03-roof-replacement-project---workingdrawings--en.pdf
1035147,25-58111,NRC,no,M-58 Section 03 Roof Replacement,2025-09-19,25-58111---m58-section-03-roof-replacement---tender-package-english.pdf,pdf,tender documents,https://canadabuys.canada.ca/sites/default/files/webform/tender_notice/71626/25-58111---m58-section-03-roof-replacement---tender-package-english.pdf
1035147,25-58111,NRC,no,M-58 Section 03 Roof Replacement,2025-09-19,25-58111---m58-section-03-roof-replacment---addendum-no.1_en.pdf,pdf,addendum,https://canadabuys.canada.ca/sites/default/files/webform/tender_notice/71626/25-58111---m58-section-03-roof-replacment---addendum-no.1_en.pdf
3000804541,NRCan-5000089924,other,no,Locksmith Service in The National Capital Region (NCR),2025-09-05,itt-nrcan-5000089924-locksmith-service-in-the-national-capital-region-(ncr-187557.pdf,pdf,rfp/itt,https://canadabuys.canada.ca/sites/default/files/webform/tender_notice/70836/itt-nrcan-5000089924-locksmith-service-in-the-national-capital-region-%28ncr-187557.pdf
PO-021589,NCC-CP-37015-RFP,NCC,yes,"Victoria Island Remediation Phase 3a, part 2",2025-09-02,addendum-3---addenda-3_0.pdf,pdf,addendum,https://canadabuys.canada.ca/sites/default/files/webform/tender_notice/65497/addendum-3---addenda-3_0.pdf
PO-021589,NCC-CP-37015-RFP,NCC,yes,"Victoria Island Remediation Phase 3a, part 2",2025-09-02,addendum-1---addenda-1.pdf,pdf,addendum,https://canadabuys.canada.ca/sites/default/files/webform/tender_notice/65497/addendum-1---addenda-1.pdf
PO-021589,NCC-CP-37015-RFP,NCC,yes,"Victoria Island Remediation Phase 3a, part 2",2025-09-02,information_0.pdf,pdf,forms,https://canadabuys.canada.ca/sites/default/files/webform/tender_notice/65497/information_0.pdf
PO-021589,NCC-CP-37015-RFP,NCC,yes,"Victoria Island Remediation Phase 3a, part 2",2025-09-02,addendum-2---addenda-2.pdf,pdf,addendum,https://canadabuys.canada.ca/sites/default/files/webform/tender_notice/65497/addendum-2---addenda-2.pdf
PO-021589,NCC-CP-37015-RFP,NCC,yes,"Victoria Island Remediation Phase 3a, part 2",2025-09-02,addendum-4---addenda-4.pdf,pdf,addendum,https://canadabuys.canada.ca/sites/default/files/webform/tender_notice/65497/addendum-4---addenda-4.pdf
1031793,25-58013,NRC,no,Replacement of the high voltage switchgear and transformer,2025-08-25,25-58013_tenderform_replacementofthehighvoltageswitchgearandtransformer.pdf,pdf,tender documents,https://canadabuys.canada.ca/sites/default/files/webform/tender_notice/63156/25-58013_tenderform_replacementofthehighvoltageswitchgearandtransformer.pdf
1031793,25-58013,NRC,no,Replacement of the high voltage switchgear and transformer,2025-08-25,25-58013_addendum-addenda_2_0.pdf,pdf,addendum,https://canadabuys.canada.ca/sites/default/files/webform/tender_notice/63156/25-58013_addendum-addenda_2_0.pdf
1031793,25-58013,NRC,no,Replacement of the high voltage switchgear and transformer,2025-08-25,25-58013_npp.noticeofproposedprocurement-avisdeprojetdemarche.apm_.pdf,pdf,unclassified,https://canadabuys.canada.ca/sites/default/files/webform/tender_notice/63156/25-58013_npp.noticeofproposedprocurement-avisdeprojetdemarche.apm_.pdf
1031793,25-58013,NRC,no,Replacement of the high voltage switchgear and transformer,2025-08-25,25-58013_addendum_qa-qr_addenda_3.pdf,pdf,addendum,https://canadabuys.canada.ca/sites/default/files/webform/tender_notice/63156/25-58013_addendum_qa-qr_addenda_3.pdf
1031793,25-58013,NRC,no,Replacement of the high voltage switchgear and transformer,2025-08-25,25-58013_a-plans_en-fr.pdf,pdf,plan,https://canadabuys.canada.ca/sites/default/files/webform/tender_notice/63156/25-58013_a-plans_en-fr.pdf
1031793,25-58013,NRC,no,Replacement of the high voltage switchgear and transformer,2025-08-25,25-58013_addendum-addenda_1.pdf,pdf,addendum,https://canadabuys.canada.ca/sites/default/files/webform/tender_notice/63156/25-58013_addendum-addenda_1.pdf
1033366,25-58065,NRC,no,Uplands Campus Pedestrian Pathway Phase 2,2025-08-06,25-58065---addendum-no.-1_0.pdf,pdf,addendum,https://canadabuys.canada.ca/sites/default/files/webform/tender_notice/67789/25-58065---addendum-no.-1_0.pdf
1033366,25-58065,NRC,no,Uplands Campus Pedestrian Pathway Phase 2,2025-08-06,25-58065---addendum-no.-2.pdf,pdf,addendum,https://canadabuys.canada.ca/sites/default/files/webform/tender_notice/67789/25-58065---addendum-no.-2.pdf
1033366,25-58065,NRC,no,Uplands Campus Pedestrian Pathway Phase 2,2025-08-06,6600---ift-submission---eng_drawings---part-1.pdf,pdf,drawing,https://canadabuys.canada.ca/sites/default/files/webform/tender_notice/67789/6600---ift-submission---eng_drawings---part-1.pdf
1033366,25-58065,NRC,no,Uplands Campus Pedestrian Pathway Phase 2,2025-08-06,25-58065---tender-package-english.pdf,pdf,tender documents,https://canadabuys.canada.ca/sites/default/files/webform/tender_notice/67789/25-58065---tender-package-english.pdf
1033366,25-58065,NRC,no,Uplands Campus Pedestrian Pathway Phase 2,2025-08-06,6600---ift-submission---eng_drawings---part-2.pdf,pdf,drawing,https://canadabuys.canada.ca/sites/default/files/webform/tender_notice/67789/6600---ift-submission---eng_drawings---part-2.pdf
1033366,25-58065,NRC,no,Uplands Campus Pedestrian Pathway Phase 2,2025-08-06,25-58065---addendum-no.-2---eng-drawings-part-1.pdf,pdf,addendum,https://canadabuys.canada.ca/sites/default/files/webform/tender_notice/67789/25-58065---addendum-no.-2---eng-drawings-part-1.pdf
1033366,25-58065,NRC,no,Uplands Campus Pedestrian Pathway Phase 2,2025-08-06,25-58065---addendum-no.-2---eng-drawings-part-2.pdf,pdf,addendum,https://canadabuys.canada.ca/sites/default/files/webform/tender_notice/67789/25-58065---addendum-no.-2---eng-drawings-part-2.pdf
4500484233,1000261065,other,no,Parking Lot Asphalt Pavement,2025-07-28,amendment-1---itt-1000261065---parking-lot-pavement---rpb-(en---health-canada.pdf,pdf,rfp/itt,https://canadabuys.canada.ca/sites/default/files/webform/tender_notice/65150/amendment-1---itt-1000261065---parking-lot-pavement---rpb-%28en---health-canada.pdf
4500484233,1000261065,other,no,Parking Lot Asphalt Pavement,2025-07-28,amendment-2---itt-1000261065---parking-lot-pavement---rpb-(en---health-canada.pdf,pdf,rfp/itt,https://canadabuys.canada.ca/sites/default/files/webform/tender_notice/65150/amendment-2---itt-1000261065---parking-lot-pavement---rpb-%28en---health-canada.pdf
4500484233,1000261065,other,no,Parking Lot Asphalt Pavement,2025-07-28,appendix-a---construction_instructions.pdf,pdf,drawing/ift,https://canadabuys.canada.ca/sites/default/files/webform/tender_notice/65150/appendix-a---construction_instructions.pdf
4500484233,1000261065,other,no,Parking Lot Asphalt Pavement,2025-07-28,radiation-protection-building-addendum-no.-1-english.pdf,pdf,addendum,https://canadabuys.canada.ca/sites/default/files/webform/tender_notice/65150/radiation-protection-building-addendum-no.-1-english.pdf
4500484233,1000261065,other,no,Parking Lot Asphalt Pavement,2025-07-28,1000261065--annex-a---part-2---drawings---en.pdf,pdf,drawing,https://canadabuys.canada.ca/sites/default/files/webform/tender_notice/65150/1000261065--annex-a---part-2---drawings---en.pdf
4500484233,1000261065,other,no,Parking Lot Asphalt Pavement,2025-07-28,adm2-qa---itt-1000261065---parking-lot-pavement---rpb-(en---health-canada.pdf,pdf,rfp/itt,https://canadabuys.canada.ca/sites/default/files/webform/tender_notice/65150/adm2-qa---itt-1000261065---parking-lot-pavement---rpb-%28en---health-canada.pdf
4500484233,1000261065,other,no,Parking Lot Asphalt Pavement,2025-07-28,1000261065---annex-a---part-1--specs---en.pdf,pdf,specification,https://canadabuys.canada.ca/sites/default/files/webform/tender_notice/65150/1000261065---annex-a---part-1--specs---en.pdf
4500484233,1000261065,other,no,Parking Lot Asphalt Pavement,2025-07-28,itt-1000261065---parking-lot-pavement---rpb-(en---health-canada.pdf,pdf,rfp/itt,https://canadabuys.canada.ca/sites/default/files/webform/tender_notice/65150/itt-1000261065---parking-lot-pavement---rpb-%28en---health-canada.pdf
4500484233,1000261065,other,no,Parking Lot Asphalt Pavement,2025-07-28,appendix-c---health-canada---electronic-funds-transfer-service_0.pdf,pdf,drawing/ift,https://canadabuys.canada.ca/sites/default/files/webform/tender_notice/65150/appendix-c---health-canada---electronic-funds-transfer-service_0.pdf
4500484233,1000261065,other,no,Parking Lot Asphalt Pavement,2025-07-28,appendix-b---general-conditions.pdf,pdf,unclassified,https://canadabuys.canada.ca/sites/default/files/webform/tender_notice/65150/appendix-b---general-conditions.pdf
1031426,24-58355,NRC,no,Renovation of Rooms 252A and 230 of Building U-66,2025-07-14,24-58355_qa_qr_1.pdf,pdf,unclassified,https://canadabuys.canada.ca/sites/default/files/webform/tender_notice/60844/24-58355_qa_qr_1.pdf
1031426,24-58355,NRC,no,Renovation of Rooms 252A and 230 of Building U-66,2025-07-14,24-58355_tenderpackage_renovationofrooms252aand230atbuildingu66_0.pdf,pdf,tender documents,https://canadabuys.canada.ca/sites/default/files/webform/tender_notice/60844/24-58355_tenderpackage_renovationofrooms252aand230atbuildingu66_0.pdf
1031426,24-58355,NRC,no,Renovation of Rooms 252A and 230 of Building U-66,2025-07-14,24-58355_a-plans_e_0.pdf,pdf,plan,https://canadabuys.canada.ca/sites/default/files/webform/tender_notice/60844/24-58355_a-plans_e_0.pdf
1031426,24-58355,NRC,no,Renovation of Rooms 252A and 230 of Building U-66,2025-07-14,24-58355_addendum-qa_qr-addenda_2.pdf,pdf,addendum,https://canadabuys.canada.ca/sites/default/files/webform/tender_notice/60844/24-58355_addendum-qa_qr-addenda_2.pdf
1031426,24-58355,NRC,no,Renovation of Rooms 252A and 230 of Building U-66,2025-07-14,24-58355_addendum-qa_qr-addenda_3.pdf,pdf,addendum,https://canadabuys.canada.ca/sites/default/files/webform/tender_notice/60844/24-58355_addendum-qa_qr-addenda_3.pdf
1031426,24-58355,NRC,no,Renovation of Rooms 252A and 230 of Building U-66,2025-07-14,24-58355_npp.noticeofproposedprocurement-avisdeprojetdemarche.apm_.pdf,pdf,unclassified,https://canadabuys.canada.ca/sites/default/files/webform/tender_notice/60844/24-58355_npp.noticeofproposedprocurement-avisdeprojetdemarche.apm_.pdf
1031656,25-58023,NRC,no,Renovation of Washrooms at Building U-70,2025-07-03,25-58023_plans_en.pdf,pdf,plan,https://canadabuys.canada.ca/sites/default/files/webform/tender_notice/64120/25-58023_plans_en.pdf
1031656,25-58023,NRC,no,Renovation of Washrooms at Building U-70,2025-07-03,25-58023_addendum-addenda_1.pdf,pdf,addendum,https://canadabuys.canada.ca/sites/default/files/webform/tender_notice/64120/25-58023_addendum-addenda_1.pdf
1031656,25-58023,NRC,no,Renovation of Washrooms at Building U-70,2025-07-03,25-58023_addendum-3_-addenda_3.pdf,pdf,addendum,https://canadabuys.canada.ca/sites/default/files/webform/tender_notice/64120/25-58023_addendum-3_-addenda_3.pdf
1031656,25-58023,NRC,no,Renovation of Washrooms at Building U-70,2025-07-03,25-58023_qa_qr_7.pdf,pdf,unclassified,https://canadabuys.canada.ca/sites/default/files/webform/tender_notice/64120/25-58023_qa_qr_7.pdf
1031656,25-58023,NRC,no,Renovation of Washrooms at Building U-70,2025-07-03,25-58023_tenderpackage_renovationofwashroomsatbuildingu70.pdf,pdf,tender documents,https://canadabuys.canada.ca/sites/default/files/webform/tender_notice/64120/25-58023_tenderpackage_renovationofwashroomsatbuildingu70.pdf
1031656,25-58023,NRC,no,Renovation of Washrooms at Building U-70,2025-07-03,25-58023_qa_qr_5.pdf,pdf,unclassified,https://canadabuys.canada.ca/sites/default/files/webform/tender_notice/64120/25-58023_qa_qr_5.pdf
1031656,25-58023,NRC,no,Renovation of Washrooms at Building U-70,2025-07-03,25-58023_addendum-4_-addenda-4.pdf,pdf,addendum,https://canadabuys.canada.ca/sites/default/files/webform/tender_notice/64120/25-58023_addendum-4_-addenda-4.pdf
1031656,25-58023,NRC,no,Renovation of Washrooms at Building U-70,2025-07-03,25-58023_addendum_addenda_6.pdf,pdf,addendum,https://canadabuys.canada.ca/sites/default/files/webform/tender_notice/64120/25-58023_addendum_addenda_6.pdf
1031656,25-58023,NRC,no,Renovation of Washrooms at Building U-70,2025-07-03,25-58023_npp.noticeofproposedprocurement-avisdeprojetdemarche.apm_.pdf,pdf,unclassified,https://canadabuys.canada.ca/sites/default/files/webform/tender_notice/64120/25-58023_npp.noticeofproposedprocurement-avisdeprojetdemarche.apm_.pdf
1031656,25-58023,NRC,no,Renovation of Washrooms at Building U-70,2025-07-03,25-58023_qa_qr_5_0.pdf,pdf,unclassified,https://canadabuys.canada.ca/sites/default/files/webform/tender_notice/64120/25-58023_qa_qr_5_0.pdf
1031656,25-58023,NRC,no,Renovation of Washrooms at Building U-70,2025-07-03,25-58023_addendum-qa_qr-addenda_2.pdf,pdf,addendum,https://canadabuys.canada.ca/sites/default/files/webform/tender_notice/64120/25-58023_addendum-qa_qr-addenda_2.pdf
1031656,25-58023,NRC,no,Renovation of Washrooms at Building U-70,2025-07-03,25-58023_qa_qr_2.pdf,pdf,unclassified,https://canadabuys.canada.ca/sites/default/files/webform/tender_notice/64120/25-58023_qa_qr_2.pdf
PO-021329,NCC-RFP-DC-2025-26-021,NCC,yes,Carbide Willson Ruins Structural Stabilization and Site Development,2025-07-02,annex-a(part-2_cwruins_ideg-signfurniture_footings_en.pdf,pdf,unclassified,https://canadabuys.canada.ca/sites/default/files/webform/tender_notice/62619/annex-a%28part-2_cwruins_ideg-signfurniture_footings_en.pdf
PO-021329,NCC-RFP-DC-2025-26-021,NCC,yes,Carbide Willson Ruins Structural Stabilization and Site Development,2025-07-02,appendix-c_specifications_20250214_dc3000_0_0.pdf,pdf,specification,https://canadabuys.canada.ca/sites/default/files/webform/tender_notice/62619/appendix-c_specifications_20250214_dc3000_0_0.pdf
PO-021329,NCC-RFP-DC-2025-26-021,NCC,yes,Carbide Willson Ruins Structural Stabilization and Site Development,2025-07-02,amendment-001---modification-001---carbide-willson-ruins-rehabilitation_0.pdf,pdf,unclassified,https://canadabuys.canada.ca/sites/default/files/webform/tender_notice/62619/amendment-001---modification-001---carbide-willson-ruins-rehabilitation_0.pdf
PO-021329,NCC-RFP-DC-2025-26-021,NCC,yes,Carbide Willson Ruins Structural Stabilization and Site Development,2025-07-02,appendix-e_carbide-willson-ruins-structural-drawings_1.pdf,pdf,drawing,https://canadabuys.canada.ca/sites/default/files/webform/tender_notice/62619/appendix-e_carbide-willson-ruins-structural-drawings_1.pdf
PO-021329,NCC-RFP-DC-2025-26-021,NCC,yes,Carbide Willson Ruins Structural Stabilization and Site Development,2025-07-02,appendix-d_carbide-willson-ruins-landscape-drawings-ift.pdf,pdf,drawing,https://canadabuys.canada.ca/sites/default/files/webform/tender_notice/62619/appendix-d_carbide-willson-ruins-landscape-drawings-ift.pdf
PO-021329,NCC-RFP-DC-2025-26-021,NCC,yes,Carbide Willson Ruins Structural Stabilization and Site Development,2025-07-02,annex-a-(part-1_cwruins_specs-furniture_en.pdf,pdf,specification,https://canadabuys.canada.ca/sites/default/files/webform/tender_notice/62619/annex-a-%28part-1_cwruins_specs-furniture_en.pdf
PO-021329,NCC-RFP-DC-2025-26-021,NCC,yes,Carbide Willson Ruins Structural Stabilization and Site Development,2025-07-02,invitation-to-tender_-ncc-rfp-dc-2025-26-021-en_2.pdf,pdf,rfp/itt,https://canadabuys.canada.ca/sites/default/files/webform/tender_notice/62619/invitation-to-tender_-ncc-rfp-dc-2025-26-021-en_2.pdf
1030842,25-58002,NRC,no,Re-roofing at Building S-77,2025-06-05,25-58002_addendum-qa_qr-addenda_1.pdf,pdf,addendum,https://canadabuys.canada.ca/sites/default/files/webform/tender_notice/62787/25-58002_addendum-qa_qr-addenda_1.pdf
1030842,25-58002,NRC,no,Re-roofing at Building S-77,2025-06-05,25-58002_tenderpackage_reroofingatbuildings77.pdf,pdf,tender documents,https://canadabuys.canada.ca/sites/default/files/webform/tender_notice/62787/25-58002_tenderpackage_reroofingatbuildings77.pdf
1030842,25-58002,NRC,no,Re-roofing at Building S-77,2025-06-05,25-58002_qa_qr_2.pdf,pdf,unclassified,https://canadabuys.canada.ca/sites/default/files/webform/tender_notice/62787/25-58002_qa_qr_2.pdf
1030842,25-58002,NRC,no,Re-roofing at Building S-77,2025-06-05,25-58002_plans_en-fr.pdf,pdf,plan,https://canadabuys.canada.ca/sites/default/files/webform/tender_notice/62787/25-58002_plans_en-fr.pdf
1030842,25-58002,NRC,no,Re-roofing at Building S-77,2025-06-05,25-58002_npp.noticeofproposedprocurement-avisdeprojetdemarche.apm_.pdf,pdf,unclassified,https://canadabuys.canada.ca/sites/default/files/webform/tender_notice/62787/25-58002_npp.noticeofproposedprocurement-avisdeprojetdemarche.apm_.pdf
4500482682,1000259274,other,no,Reverse Ossmosis and Water Softener Systems Maintenance,2025-06-01,npp-1000259274-(en.pdf,pdf,unclassified,https://canadabuys.canada.ca/sites/default/files/webform/tender_notice/46364/npp-1000259274-%28en.pdf
4500482682,1000259274,other,no,Reverse Ossmosis and Water Softener Systems Maintenance,2025-06-01,1000259274---amend-1-rfp-(en.pdf,pdf,rfp/itt,https://canadabuys.canada.ca/sites/default/files/webform/tender_notice/46364/1000259274---amend-1-rfp-%28en.pdf
4500482682,1000259274,other,no,Reverse Ossmosis and Water Softener Systems Maintenance,2025-06-01,1000259274--(en--rfp-ro-wssm.pdf,pdf,rfp/itt,https://canadabuys.canada.ca/sites/default/files/webform/tender_notice/46364/1000259274--%28en--rfp-ro-wssm.pdf
PO-021039,NCC-RFP-DC-2025-26-014,NCC,yes,"Trail 70 Pedestrian Bridge Replacement ,Gatineau Park",2025-05-13,design-drawings-s000_s100_s200.pdf,pdf,drawing,https://canadabuys.canada.ca/sites/default/files/webform/tender_notice/59747/design-drawings-s000_s100_s200.pdf
PO-021039,NCC-RFP-DC-2025-26-014,NCC,yes,"Trail 70 Pedestrian Bridge Replacement ,Gatineau Park",2025-05-13,c001_proposed-culvet-and-bridge-drawing.pdf,pdf,drawing,https://canadabuys.canada.ca/sites/default/files/webform/tender_notice/59747/c001_proposed-culvet-and-bridge-drawing.pdf
PO-021039,NCC-RFP-DC-2025-26-014,NCC,yes,"Trail 70 Pedestrian Bridge Replacement ,Gatineau Park",2025-05-13,ncc-rfp-dc-2025-26-014-trail-70-bridge-replacement-rev001-2025-03-04.pdf,pdf,rfp/itt,https://canadabuys.canada.ca/sites/default/files/webform/tender_notice/59747/ncc-rfp-dc-2025-26-014-trail-70-bridge-replacement-rev001-2025-03-04.pdf
PO-021039,NCC-RFP-DC-2025-26-014,NCC,yes,"Trail 70 Pedestrian Bridge Replacement ,Gatineau Park",2025-05-13,ncc-rfp-dc-2025-26-014-trail-70-bridge-replacement_0.pdf,pdf,rfp/itt,https://canadabuys.canada.ca/sites/default/files/webform/tender_notice/59747/ncc-rfp-dc-2025-26-014-trail-70-bridge-replacement_0.pdf
PO-021039,NCC-RFP-DC-2025-26-014,NCC,yes,"Trail 70 Pedestrian Bridge Replacement ,Gatineau Park",2025-05-13,project-specification-en.pdf,pdf,specification,https://canadabuys.canada.ca/sites/default/files/webform/tender_notice/59747/project-specification-en.pdf
PO-021039,NCC-RFP-DC-2025-26-014,NCC,yes,"Trail 70 Pedestrian Bridge Replacement ,Gatineau Park",2025-05-13,appendix-b---dfo-letter-of-advice_0.pdf,pdf,unclassified,https://canadabuys.canada.ca/sites/default/files/webform/tender_notice/59747/appendix-b---dfo-letter-of-advice_0.pdf
PO-021039,NCC-RFP-DC-2025-26-014,NCC,yes,"Trail 70 Pedestrian Bridge Replacement ,Gatineau Park",2025-05-13,appendix-c--fauna-identification-doc.pdf,pdf,unclassified,https://canadabuys.canada.ca/sites/default/files/webform/tender_notice/59747/appendix-c--fauna-identification-doc.pdf
1030124,24-58354,NRC,no,M19 Corridor 102,2025-05-05,24-58354---addendum-no.-1.pdf,pdf,addendum,https://canadabuys.canada.ca/sites/default/files/webform/tender_notice/61490/24-58354---addendum-no.-1.pdf
1030124,24-58354,NRC,no,M19 Corridor 102,2025-05-05,6287---m19-corridor-102-dwg---english-1.pdf,pdf,drawing,https://canadabuys.canada.ca/sites/default/files/webform/tender_notice/61490/6287---m19-corridor-102-dwg---english-1.pdf
1030124,24-58354,NRC,no,M19 Corridor 102,2025-05-05,6287---m19-corridor-102-dwg---english-2.pdf,pdf,drawing,https://canadabuys.canada.ca/sites/default/files/webform/tender_notice/61490/6287---m19-corridor-102-dwg---english-2.pdf
1030124,24-58354,NRC,no,M19 Corridor 102,2025-05-05,24-58354---m19-corridor-102---tender-package-english.pdf,pdf,tender documents,https://canadabuys.canada.ca/sites/default/files/webform/tender_notice/61490/24-58354---m19-corridor-102---tender-package-english.pdf
1029695,24-58341,NRC,no,M55 Panels and Breakers Replacement,2025-04-24,24-58341---tender-package-english.pdf,pdf,tender documents,https://canadabuys.canada.ca/sites/default/files/webform/tender_notice/59125/24-58341---tender-package-english.pdf
1029695,24-58341,NRC,no,M55 Panels and Breakers Replacement,2025-04-24,drawings---6358-e01.pdf,pdf,drawing,https://canadabuys.canada.ca/sites/default/files/webform/tender_notice/59125/drawings---6358-e01.pdf
1029695,24-58341,NRC,no,M55 Panels and Breakers Replacement,2025-04-24,24-58341---addendum-no.-1.pdf,pdf,addendum,https://canadabuys.canada.ca/sites/default/files/webform/tender_notice/59125/24-58341---addendum-no.-1.pdf
1028996,24-58338,NRC,no,Fan Coil Replacement,2025-04-10,24-58338_addendum_qa-qr_addenda_1.pdf,pdf,addendum,https://canadabuys.canada.ca/sites/default/files/webform/tender_notice/60141/24-58338_addendum_qa-qr_addenda_1.pdf
1028996,24-58338,NRC,no,Fan Coil Replacement,2025-04-10,24-58338_npp.noticeofproposedprocurement-avisdeprojetdemarche.apm_.pdf,pdf,unclassified,https://canadabuys.canada.ca/sites/default/files/webform/tender_notice/60141/24-58338_npp.noticeofproposedprocurement-avisdeprojetdemarche.apm_.pdf
1028996,24-58338,NRC,no,Fan Coil Replacement,2025-04-10,24-58338_plans_mechanical-mecanique_plans_1.pdf,pdf,plan,https://canadabuys.canada.ca/sites/default/files/webform/tender_notice/60141/24-58338_plans_mechanical-mecanique_plans_1.pdf
1028996,24-58338,NRC,no,Fan Coil Replacement,2025-04-10,24-58338_tenderpackage_fancoilreplacement.pdf,pdf,tender documents,https://canadabuys.canada.ca/sites/default/files/webform/tender_notice/60141/24-58338_tenderpackage_fancoilreplacement.pdf
1028996,24-58338,NRC,no,Fan Coil Replacement,2025-04-10,24-58338_plans_electrical-electrique_plans.pdf,pdf,drawing/ift,https://canadabuys.canada.ca/sites/default/files/webform/tender_notice/60141/24-58338_plans_electrical-electrique_plans.pdf
1028996,24-58338,NRC,no,Fan Coil Replacement,2025-04-10,24-58338_plans_mechanical-mecanique_plans_2.pdf,pdf,plan,https://canadabuys.canada.ca/sites/default/files/webform/tender_notice/60141/24-58338_plans_mechanical-mecanique_plans_2.pdf
1028644,24-58337,NRC,no,Washrooms Renovation of Building U-66,2025-04-10,24-58337_npp.noticeofproposedprocurement-avisdeprojetdemarche.apm_.pdf,pdf,unclassified,https://canadabuys.canada.ca/sites/default/files/webform/tender_notice/59243/24-58337_npp.noticeofproposedprocurement-avisdeprojetdemarche.apm_.pdf
1028644,24-58337,NRC,no,Washrooms Renovation of Building U-66,2025-04-10,24-58337_qa-qr_1.pdf,pdf,unclassified,https://canadabuys.canada.ca/sites/default/files/webform/tender_notice/59243/24-58337_qa-qr_1.pdf
1028644,24-58337,NRC,no,Washrooms Renovation of Building U-66,2025-04-10,24-58337_qa-qr_5.pdf,pdf,unclassified,https://canadabuys.canada.ca/sites/default/files/webform/tender_notice/59243/24-58337_qa-qr_5.pdf
1028644,24-58337,NRC,no,Washrooms Renovation of Building U-66,2025-04-10,24-58337_addendum-qa_addenda_qr_4.pdf,pdf,addendum,https://canadabuys.canada.ca/sites/default/files/webform/tender_notice/59243/24-58337_addendum-qa_addenda_qr_4.pdf
1028644,24-58337,NRC,no,Washrooms Renovation of Building U-66,2025-04-10,24-58337_plans_en.pdf,pdf,plan,https://canadabuys.canada.ca/sites/default/files/webform/tender_notice/59243/24-58337_plans_en.pdf
1028644,24-58337,NRC,no,Washrooms Renovation of Building U-66,2025-04-10,24-58337_tenderpackage_washroomsrenovationofbuildingu66.pdf,pdf,tender documents,https://canadabuys.canada.ca/sites/default/files/webform/tender_notice/59243/24-58337_tenderpackage_washroomsrenovationofbuildingu66.pdf
1028644,24-58337,NRC,no,Washrooms Renovation of Building U-66,2025-04-10,24-58337_addendum-qa_1.pdf,pdf,addendum,https://canadabuys.canada.ca/sites/default/files/webform/tender_notice/59243/24-58337_addendum-qa_1.pdf
1028644,24-58337,NRC,no,Washrooms Renovation of Building U-66,2025-04-10,24-58337_addendum-addenda_2.pdf,pdf,addendum,https://canadabuys.canada.ca/sites/default/files/webform/tender_notice/59243/24-58337_addendum-addenda_2.pdf
1028644,24-58337,NRC,no,Washrooms Renovation of Building U-66,2025-04-10,24-58337_addendum-qa_3.pdf,pdf,addendum,https://canadabuys.canada.ca/sites/default/files/webform/tender_notice/59243/24-58337_addendum-qa_3.pdf
1028627,24-58325,NRC,no,Replacement of the domestic hot water heating system,2025-04-08,24-58325_qa_qr_1_0.pdf,pdf,unclassified,https://canadabuys.canada.ca/sites/default/files/webform/tender_notice/58507/24-58325_qa_qr_1_0.pdf
1028627,24-58325,NRC,no,Replacement of the domestic hot water heating system,2025-04-08,24-58325_amendment-amendement_1.pdf,pdf,unclassified,https://canadabuys.canada.ca/sites/default/files/webform/tender_notice/58507/24-58325_amendment-amendement_1.pdf
1028627,24-58325,NRC,no,Replacement of the domestic hot water heating system,2025-04-08,24-58325_qa_qr_2.pdf,pdf,unclassified,https://canadabuys.canada.ca/sites/default/files/webform/tender_notice/58507/24-58325_qa_qr_2.pdf
1028627,24-58325,NRC,no,Replacement of the domestic hot water heating system,2025-04-08,24-58325_tenderpackage_replacementofdomestichotwaterheatingsystem_1.pdf,pdf,tender documents,https://canadabuys.canada.ca/sites/default/files/webform/tender_notice/58507/24-58325_tenderpackage_replacementofdomestichotwaterheatingsystem_1.pdf
1028627,24-58325,NRC,no,Replacement of the domestic hot water heating system,2025-04-08,24-58325_npp.noticeofproposedprocurement-avisdeprojetdemarche.apm_.pdf,pdf,unclassified,https://canadabuys.canada.ca/sites/default/files/webform/tender_notice/58507/24-58325_npp.noticeofproposedprocurement-avisdeprojetdemarche.apm_.pdf
1028627,24-58325,NRC,no,Replacement of the domestic hot water heating system,2025-04-08,24-58325_a-plans_en-fr.pdf,pdf,plan,https://canadabuys.canada.ca/sites/default/files/webform/tender_notice/58507/24-58325_a-plans_en-fr.pdf
1028627,24-58325,NRC,no,Replacement of the domestic hot water heating system,2025-04-08,24-58325_tenderpackage_replacementofdomestichotwaterheatingsystem_2.pdf,pdf,tender documents,https://canadabuys.canada.ca/sites/default/files/webform/tender_notice/58507/24-58325_tenderpackage_replacementofdomestichotwaterheatingsystem_2.pdf
1028627,24-58325,NRC,no,Replacement of the domestic hot water heating system,2025-04-08,24-58325_tenderpackage_replacementofdomestichotwaterheatingsystem_3.pdf,pdf,tender documents,https://canadabuys.canada.ca/sites/default/files/webform/tender_notice/58507/24-58325_tenderpackage_replacementofdomestichotwaterheatingsystem_3.pdf
1027767,24-58307,NRC,no,Asbestos Floor Abatement at Building M55,2025-03-03,24-58307_addendum-addenda_1.pdf,pdf,addendum,https://canadabuys.canada.ca/sites/default/files/webform/tender_notice/56256/24-58307_addendum-addenda_1.pdf
1027767,24-58307,NRC,no,Asbestos Floor Abatement at Building M55,2025-03-03,24-58307_npp.noticeofproposedprocurement-avisdeprojetdemarche.apm_.pdf,pdf,unclassified,https://canadabuys.canada.ca/sites/default/files/webform/tender_notice/56256/24-58307_npp.noticeofproposedprocurement-avisdeprojetdemarche.apm_.pdf
1027767,24-58307,NRC,no,Asbestos Floor Abatement at Building M55,2025-03-03,24-58307_fourthheatingventilating_plans_quatriemechauffageetventilation.pdf,pdf,plan,https://canadabuys.canada.ca/sites/default/files/webform/tender_notice/56256/24-58307_fourthheatingventilating_plans_quatriemechauffageetventilation.pdf
1027767,24-58307,NRC,no,Asbestos Floor Abatement at Building M55,2025-03-03,24-58307_wastebinlocation_plans_emplacementbenneaordures.pdf,pdf,plan,https://canadabuys.canada.ca/sites/default/files/webform/tender_notice/56256/24-58307_wastebinlocation_plans_emplacementbenneaordures.pdf
1027767,24-58307,NRC,no,Asbestos Floor Abatement at Building M55,2025-03-03,24-58307_tenderpackage_asbestosabatementatbuildingm554thflooroldarchivelibrary.pdf,pdf,tender documents,https://canadabuys.canada.ca/sites/default/files/webform/tender_notice/56256/24-58307_tenderpackage_asbestosabatementatbuildingm554thflooroldarchivelibrary.pdf
1027138,24-58265,NRC,no,"Interior renovation of part of the first floor, laboratory room 110",2025-02-11,24-58265_addendum-qa_qr-addenda_1.pdf,pdf,addendum,https://canadabuys.canada.ca/sites/default/files/webform/tender_notice/53814/24-58265_addendum-qa_qr-addenda_1.pdf
1027138,24-58265,NRC,no,"Interior renovation of part of the first floor, laboratory room 110",2025-02-11,24-58265_qa_qr_2.pdf,pdf,unclassified,https://canadabuys.canada.ca/sites/default/files/webform/tender_notice/53814/24-58265_qa_qr_2.pdf
1027138,24-58265,NRC,no,"Interior renovation of part of the first floor, laboratory room 110",2025-02-11,24-58265_a-plans_plans-a.pdf,pdf,plan,https://canadabuys.canada.ca/sites/default/files/webform/tender_notice/53814/24-58265_a-plans_plans-a.pdf
1027138,24-58265,NRC,no,"Interior renovation of part of the first floor, laboratory room 110",2025-02-11,24-58265_qa_qr_3.pdf,pdf,unclassified,https://canadabuys.canada.ca/sites/default/files/webform/tender_notice/53814/24-58265_qa_qr_3.pdf
1027138,24-58265,NRC,no,"Interior renovation of part of the first floor, laboratory room 110",2025-02-11,24-58265_npp.noticeofproposedprocurement-avisdeprojetdemarche.apm_.pdf,pdf,unclassified,https://canadabuys.canada.ca/sites/default/files/webform/tender_notice/53814/24-58265_npp.noticeofproposedprocurement-avisdeprojetdemarche.apm_.pdf
1027138,24-58265,NRC,no,"Interior renovation of part of the first floor, laboratory room 110",2025-02-11,24-58265_tenderpackage_interiorrenovationpartofthefirstfloorlaboratoryroom110.pdf,pdf,tender documents,https://canadabuys.canada.ca/sites/default/files/webform/tender_notice/53814/24-58265_tenderpackage_interiorrenovationpartofthefirstfloorlaboratoryroom110.pdf
1027138,24-58265,NRC,no,"Interior renovation of part of the first floor, laboratory room 110",2025-02-11,24-58265_sitevisit_attendancesheet-feuilledepresence_visitedesite.pdf,pdf,unclassified,https://canadabuys.canada.ca/sites/default/files/webform/tender_notice/53814/24-58265_sitevisit_attendancesheet-feuilledepresence_visitedesite.pdf
1026250,24-58266,NRC,no,Interior Lighting Retrofit at Building M-59,2025-01-20,24-58266_qa-qr_1.pdf,pdf,unclassified,https://canadabuys.canada.ca/sites/default/files/webform/tender_notice/52564/24-58266_qa-qr_1.pdf
1026250,24-58266,NRC,no,Interior Lighting Retrofit at Building M-59,2025-01-20,24-58266_a-plans_plans-a_en.pdf,pdf,plan,https://canadabuys.canada.ca/sites/default/files/webform/tender_notice/52564/24-58266_a-plans_plans-a_en.pdf
1026250,24-58266,NRC,no,Interior Lighting Retrofit at Building M-59,2025-01-20,24-58266_npp.noticeofproposedprocurement-avisdeprojetdemarche.apm__0.pdf,pdf,unclassified,https://canadabuys.canada.ca/sites/default/files/webform/tender_notice/52564/24-58266_npp.noticeofproposedprocurement-avisdeprojetdemarche.apm__0.pdf
1026250,24-58266,NRC,no,Interior Lighting Retrofit at Building M-59,2025-01-20,24-58266_addendum-qa_qr_addenda_1.pdf,pdf,addendum,https://canadabuys.canada.ca/sites/default/files/webform/tender_notice/52564/24-58266_addendum-qa_qr_addenda_1.pdf
1026250,24-58266,NRC,no,Interior Lighting Retrofit at Building M-59,2025-01-20,24-58266_tenderpackage_interiorlightingretrofitatbuildingm59.pdf,pdf,tender documents,https://canadabuys.canada.ca/sites/default/files/webform/tender_notice/52564/24-58266_tenderpackage_interiorlightingretrofitatbuildingm59.pdf
4500476898,1000262537,other,no,Security System Upgrades - Mulligan Building,2025-01-02,amend-2---itt1000262537--security-system-upgrades-mulligan-building---1800-walkley---en_0.pdf,pdf,rfp/itt,https://canadabuys.canada.ca/sites/default/files/webform/tender_notice/53389/amend-2---itt1000262537--security-system-upgrades-mulligan-building---1800-walkley---en_0.pdf
4500476898,1000262537,other,no,Security System Upgrades - Mulligan Building,2025-01-02,appendix-b---general-conditions.pdf,pdf,unclassified,https://canadabuys.canada.ca/sites/default/files/webform/tender_notice/53389/appendix-b---general-conditions.pdf
4500476898,1000262537,other,no,Security System Upgrades - Mulligan Building,2025-01-02,itt-1000262537---english.pdf,pdf,rfp/itt,https://canadabuys.canada.ca/sites/default/files/webform/tender_notice/53389/itt-1000262537---english.pdf
4500476898,1000262537,other,no,Security System Upgrades - Mulligan Building,2025-01-02,amend-1---itt1000262537--security-system-upgrades-mulligan-building---1800-walkley---en.pdf,pdf,rfp/itt,https://canadabuys.canada.ca/sites/default/files/webform/tender_notice/53389/amend-1---itt1000262537--security-system-upgrades-mulligan-building---1800-walkley---en.pdf
4500476898,1000262537,other,no,Security System Upgrades - Mulligan Building,2025-01-02,appendix-a---construction_instructions.pdf,pdf,drawing/ift,https://canadabuys.canada.ca/sites/default/files/webform/tender_notice/53389/appendix-a---construction_instructions.pdf
4500476898,1000262537,other,no,Security System Upgrades - Mulligan Building,2025-01-02,appendix-c---health-canada---electronic-funds-transfer-service-(002.pdf,pdf,drawing/ift,https://canadabuys.canada.ca/sites/default/files/webform/tender_notice/53389/appendix-c---health-canada---electronic-funds-transfer-service-%28002.pdf
PO-020321,AL1846,NCC,yes,CONSTRUCTION MANAGEMENT SERVICES,2024-12-17,al1846-eng.zip,zip,unclassified,https://canadabuys.canada.ca/sites/default/files/webform/tender_notice/41691/al1846-eng.zip
PO-020321,AL1846,NCC,yes,CONSTRUCTION MANAGEMENT SERVICES,2024-12-17,al1846-addendum-addenda-2.zip,zip,addendum,https://canadabuys.canada.ca/sites/default/files/webform/tender_notice/41691/al1846-addendum-addenda-2.zip
PO-020321,AL1846,NCC,yes,CONSTRUCTION MANAGEMENT SERVICES,2024-12-17,al1846-addendum-addenda-3-bil.pdf,pdf,addendum,https://canadabuys.canada.ca/sites/default/files/webform/tender_notice/41691/al1846-addendum-addenda-3-bil.pdf
PO-020321,AL1846,NCC,yes,CONSTRUCTION MANAGEMENT SERVICES,2024-12-17,al1846-addendum-addenda-1_1.zip,zip,addendum,https://canadabuys.canada.ca/sites/default/files/webform/tender_notice/41691/al1846-addendum-addenda-1_1.zip
1025716,24-58048-C,NRC,no,M50 Elevator No. 1 and Elevator No. 4,2024-12-16,24-58048-c---tender-package-english.pdf,pdf,tender documents,https://canadabuys.canada.ca/sites/default/files/webform/tender_notice/51241/24-58048-c---tender-package-english.pdf
1025716,24-58048-C,NRC,no,M50 Elevator No. 1 and Elevator No. 4,2024-12-16,24-582048-c_addendum-qa_qr-addenda_1.pdf,pdf,addendum,https://canadabuys.canada.ca/sites/default/files/webform/tender_notice/51241/24-582048-c_addendum-qa_qr-addenda_1.pdf
1025147,24-58207,NRC,no,Renovation of Rooms,2024-12-12,24-58207_attendancesheet_sitevisits-visitesdusite_feuilledepresence-oct22-23oct.pdf,pdf,unclassified,https://canadabuys.canada.ca/sites/default/files/webform/tender_notice/48865/24-58207_attendancesheet_sitevisits-visitesdusite_feuilledepresence-oct22-23oct.pdf
1025147,24-58207,NRC,no,Renovation of Rooms,2024-12-12,24-58207_a-plans-m23a-6399_en.pdf,pdf,plan,https://canadabuys.canada.ca/sites/default/files/webform/tender_notice/48865/24-58207_a-plans-m23a-6399_en.pdf
1025147,24-58207,NRC,no,Renovation of Rooms,2024-12-12,24-58207_npp.noticeofproposedprocurement-avisdeprojetdemarche.apm_.pdf,pdf,unclassified,https://canadabuys.canada.ca/sites/default/files/webform/tender_notice/48865/24-58207_npp.noticeofproposedprocurement-avisdeprojetdemarche.apm_.pdf
1025147,24-58207,NRC,no,Renovation of Rooms,2024-12-12,24-58207_addendum_qa_qr_addenda_1.pdf,pdf,addendum,https://canadabuys.canada.ca/sites/default/files/webform/tender_notice/48865/24-58207_addendum_qa_qr_addenda_1.pdf
1025147,24-58207,NRC,no,Renovation of Rooms,2024-12-12,24-58207_tenderpackage_renovationofoffices.pdf,pdf,tender documents,https://canadabuys.canada.ca/sites/default/files/webform/tender_notice/48865/24-58207_tenderpackage_renovationofoffices.pdf
1025147,24-58207,NRC,no,Renovation of Rooms,2024-12-12,24-58207_addendum_a-plans_a02-a03-a04-a05-e02-e03_1_en.pdf,pdf,addendum,https://canadabuys.canada.ca/sites/default/files/webform/tender_notice/48865/24-58207_addendum_a-plans_a02-a03-a04-a05-e02-e03_1_en.pdf
4500476176,1000259341,other,no,Chemical Water Treatment,2024-12-09,amend-1---1000259341---en.pdf,pdf,unclassified,https://canadabuys.canada.ca/sites/default/files/webform/tender_notice/46149/amend-1---1000259341---en.pdf
4500476176,1000259341,other,no,Chemical Water Treatment,2024-12-09,amendment-2---1000259341---en.pdf,pdf,unclassified,https://canadabuys.canada.ca/sites/default/files/webform/tender_notice/46149/amendment-2---1000259341---en.pdf
4500476176,1000259341,other,no,Chemical Water Treatment,2024-12-09,amendment-3---1000259341---en.pdf,pdf,unclassified,https://canadabuys.canada.ca/sites/default/files/webform/tender_notice/46149/amendment-3---1000259341---en.pdf
4500476176,1000259341,other,no,Chemical Water Treatment,2024-12-09,amd-01-questions-et-reponses---questions-and-answers.pdf,pdf,unclassified,https://canadabuys.canada.ca/sites/default/files/webform/tender_notice/46149/amd-01-questions-et-reponses---questions-and-answers.pdf
4500476176,1000259341,other,no,Chemical Water Treatment,2024-12-09,amd-02-questions-et-reponses---questions-and-answers.pdf,pdf,unclassified,https://canadabuys.canada.ca/sites/default/files/webform/tender_notice/46149/amd-02-questions-et-reponses---questions-and-answers.pdf
4500476176,1000259341,other,no,Chemical Water Treatment,2024-12-09,npp-1000259341-(en.pdf,pdf,unclassified,https://canadabuys.canada.ca/sites/default/files/webform/tender_notice/46149/npp-1000259341-%28en.pdf
4500476176,1000259341,other,no,Chemical Water Treatment,2024-12-09,1000259341--rfp-(en--chemical-water-treatment.pdf,pdf,rfp/itt,https://canadabuys.canada.ca/sites/default/files/webform/tender_notice/46149/1000259341--rfp-%28en--chemical-water-treatment.pdf
4500476176,1000259341,other,no,Chemical Water Treatment,2024-12-09,questions-et-reponses---questions-and-answers-1000259341.pdf,pdf,unclassified,https://canadabuys.canada.ca/sites/default/files/webform/tender_notice/46149/questions-et-reponses---questions-and-answers-1000259341.pdf
1024067,24-58185,NRC,no,Replacement Motor Control Center (MCC) and Panels,2024-12-05,24-58185_qa_qr_5.pdf,pdf,unclassified,https://canadabuys.canada.ca/sites/default/files/webform/tender_notice/47977/24-58185_qa_qr_5.pdf
1024067,24-58185,NRC,no,Replacement Motor Control Center (MCC) and Panels,2024-12-05,24-58185_qa_qr_6.pdf,pdf,unclassified,https://canadabuys.canada.ca/sites/default/files/webform/tender_notice/47977/24-58185_qa_qr_6.pdf
1024067,24-58185,NRC,no,Replacement Motor Control Center (MCC) and Panels,2024-12-05,24-58185_qa_qr_2.pdf,pdf,unclassified,https://canadabuys.canada.ca/sites/default/files/webform/tender_notice/47977/24-58185_qa_qr_2.pdf
1024067,24-58185,NRC,no,Replacement Motor Control Center (MCC) and Panels,2024-12-05,24-58185_qa_qr_3.pdf,pdf,unclassified,https://canadabuys.canada.ca/sites/default/files/webform/tender_notice/47977/24-58185_qa_qr_3.pdf
1024067,24-58185,NRC,no,Replacement Motor Control Center (MCC) and Panels,2024-12-05,24-58185_qa_qr_7.pdf,pdf,unclassified,https://canadabuys.canada.ca/sites/default/files/webform/tender_notice/47977/24-58185_qa_qr_7.pdf
1024067,24-58185,NRC,no,Replacement Motor Control Center (MCC) and Panels,2024-12-05,24-58185_a-plans_plans-a_0.pdf,pdf,plan,https://canadabuys.canada.ca/sites/default/files/webform/tender_notice/47977/24-58185_a-plans_plans-a_0.pdf
1024067,24-58185,NRC,no,Replacement Motor Control Center (MCC) and Panels,2024-12-05,24-58185_qa_qr_4.pdf,pdf,unclassified,https://canadabuys.canada.ca/sites/default/files/webform/tender_notice/47977/24-58185_qa_qr_4.pdf
1024067,24-58185,NRC,no,Replacement Motor Control Center (MCC) and Panels,2024-12-05,24-58185_qa_qr_9_0.pdf,pdf,unclassified,https://canadabuys.canada.ca/sites/default/files/webform/tender_notice/47977/24-58185_qa_qr_9_0.pdf
1024067,24-58185,NRC,no,Replacement Motor Control Center (MCC) and Panels,2024-12-05,24-58185_qa_qr_1.pdf,pdf,unclassified,https://canadabuys.canada.ca/sites/default/files/webform/tender_notice/47977/24-58185_qa_qr_1.pdf
1024067,24-58185,NRC,no,Replacement Motor Control Center (MCC) and Panels,2024-12-05,24-58185_qa_qr_8_0.pdf,pdf,unclassified,https://canadabuys.canada.ca/sites/default/files/webform/tender_notice/47977/24-58185_qa_qr_8_0.pdf
1024067,24-58185,NRC,no,Replacement Motor Control Center (MCC) and Panels,2024-12-05,24-58185_npp.noticeofproposedprocurement-avisdeprojetdemarche.apm_.pdf,pdf,unclassified,https://canadabuys.canada.ca/sites/default/files/webform/tender_notice/47977/24-58185_npp.noticeofproposedprocurement-avisdeprojetdemarche.apm_.pdf
1024067,24-58185,NRC,no,Replacement Motor Control Center (MCC) and Panels,2024-12-05,24-58185_a-plansandspecifications_replacementmotorcontrolcenterandpanels_en.pdf,pdf,specification,https://canadabuys.canada.ca/sites/default/files/webform/tender_notice/47977/24-58185_a-plansandspecifications_replacementmotorcontrolcenterandpanels_en.pdf
1024067,24-58185,NRC,no,Replacement Motor Control Center (MCC) and Panels,2024-12-05,24-58185_tenderpackage_replacementmotorcontrolcenterandpanels.pdf,pdf,tender documents,https://canadabuys.canada.ca/sites/default/files/webform/tender_notice/47977/24-58185_tenderpackage_replacementmotorcontrolcenterandpanels.pdf
1023348,24-58120,NRC,no,S77 Sussex Washroom Refurbishment,2024-10-10,24-58120---addendum-no.-2_0.pdf,pdf,addendum,https://canadabuys.canada.ca/sites/default/files/webform/tender_notice/43546/24-58120---addendum-no.-2_0.pdf
1023348,24-58120,NRC,no,S77 Sussex Washroom Refurbishment,2024-10-10,24-58120---tender-package---english.pdf,pdf,tender documents,https://canadabuys.canada.ca/sites/default/files/webform/tender_notice/43546/24-58120---tender-package---english.pdf
1023348,24-58120,NRC,no,S77 Sussex Washroom Refurbishment,2024-10-10,24-58120---addendum-no.-1.pdf,pdf,addendum,https://canadabuys.canada.ca/sites/default/files/webform/tender_notice/43546/24-58120---addendum-no.-1.pdf
1023348,24-58120,NRC,no,S77 Sussex Washroom Refurbishment,2024-10-10,24-58120---addendum-no.-3.pdf,pdf,addendum,https://canadabuys.canada.ca/sites/default/files/webform/tender_notice/43546/24-58120---addendum-no.-3.pdf
1023348,24-58120,NRC,no,S77 Sussex Washroom Refurbishment,2024-10-10,6303-drawings---english---part-1.pdf,pdf,drawing,https://canadabuys.canada.ca/sites/default/files/webform/tender_notice/43546/6303-drawings---english---part-1.pdf
1023348,24-58120,NRC,no,S77 Sussex Washroom Refurbishment,2024-10-10,6303-drawings---english---part-2.pdf,pdf,drawing,https://canadabuys.canada.ca/sites/default/files/webform/tender_notice/43546/6303-drawings---english---part-2.pdf
1021973,24-58061,NRC,no,M50 Chiller,2024-08-30,24-58061_en_solicitation-amendment_002.pdf,pdf,unclassified,https://canadabuys.canada.ca/sites/default/files/webform/tender_notice/43316/24-58061_en_solicitation-amendment_002.pdf
1021973,24-58061,NRC,no,M50 Chiller,2024-08-30,24-58061_en_annex-a---drawing_6184-m01r1.pdf,pdf,drawing,https://canadabuys.canada.ca/sites/default/files/webform/tender_notice/43316/24-58061_en_annex-a---drawing_6184-m01r1.pdf
1021973,24-58061,NRC,no,M50 Chiller,2024-08-30,24-58061_en_annex-a---specifications.pdf,pdf,specification,https://canadabuys.canada.ca/sites/default/files/webform/tender_notice/43316/24-58061_en_annex-a---specifications.pdf
1021973,24-58061,NRC,no,M50 Chiller,2024-08-30,24-58061_enfr_appendix-1---bid-bond-form.pdf,pdf,forms,https://canadabuys.canada.ca/sites/default/files/webform/tender_notice/43316/24-58061_enfr_appendix-1---bid-bond-form.pdf
1021973,24-58061,NRC,no,M50 Chiller,2024-08-30,24-58061_enfr_appendix-2---performance-bond-form.pdf,pdf,forms,https://canadabuys.canada.ca/sites/default/files/webform/tender_notice/43316/24-58061_enfr_appendix-2---performance-bond-form.pdf
1021973,24-58061,NRC,no,M50 Chiller,2024-08-30,24-58061_en_solicitation-amendment_001.pdf,pdf,unclassified,https://canadabuys.canada.ca/sites/default/files/webform/tender_notice/43316/24-58061_en_solicitation-amendment_001.pdf
1021973,24-58061,NRC,no,M50 Chiller,2024-08-30,24-58061_enfr_appendix-3---labour-and-material-payment-bond-form.pdf,pdf,forms,https://canadabuys.canada.ca/sites/default/files/webform/tender_notice/43316/24-58061_enfr_appendix-3---labour-and-material-payment-bond-form.pdf
1021973,24-58061,NRC,no,M50 Chiller,2024-08-30,24-58061_en_itt.pdf,pdf,rfp/itt,https://canadabuys.canada.ca/sites/default/files/webform/tender_notice/43316/24-58061_en_itt.pdf
1021973,24-58061,NRC,no,M50 Chiller,2024-08-30,24-58061_en_npp.pdf,pdf,unclassified,https://canadabuys.canada.ca/sites/default/files/webform/tender_notice/43316/24-58061_en_npp.pdf
4500472617,1000256095,other,no,Fume hood-BSC Certification,2024-08-21,1000256095---itt(en---laboratory-fumehood-certifications.pdf,pdf,rfp/itt,https://canadabuys.canada.ca/sites/default/files/webform/tender_notice/41475/1000256095---itt%28en---laboratory-fumehood-certifications.pdf
4500472617,1000256095,other,no,Fume hood-BSC Certification,2024-08-21,amend-1---1000256095---fumehood-bsc-certication.pdf,pdf,unclassified,https://canadabuys.canada.ca/sites/default/files/webform/tender_notice/41475/amend-1---1000256095---fumehood-bsc-certication.pdf
4500472617,1000256095,other,no,Fume hood-BSC Certification,2024-08-21,1000256095---all-fumehood-bsc-certification_master-list---en-fr.xlsx,xlsx,unclassified,https://canadabuys.canada.ca/sites/default/files/webform/tender_notice/41475/1000256095---all-fumehood-bsc-certification_master-list---en-fr.xlsx
1021530,24-58036/A,NRC,no,Construction of Trisonic Wind Tunnel Cooling Tower Replacement,2024-08-20,figure-1-5-photos.pdf,pdf,unclassified,https://canadabuys.canada.ca/sites/default/files/webform/tender_notice/39804/figure-1-5-photos.pdf
1021530,24-58036/A,NRC,no,Construction of Trisonic Wind Tunnel Cooling Tower Replacement,2024-08-20,add-23-05-15---2.1-cipp---en-(3_0.pdf,pdf,unclassified,https://canadabuys.canada.ca/sites/default/files/webform/tender_notice/39804/add-23-05-15---2.1-cipp---en-%283_0.pdf
1021530,24-58036/A,NRC,no,Construction of Trisonic Wind Tunnel Cooling Tower Replacement,2024-08-20,dsr-e_0.pdf,pdf,unclassified,https://canadabuys.canada.ca/sites/default/files/webform/tender_notice/39804/dsr-e_0.pdf
1021530,24-58036/A,NRC,no,Construction of Trisonic Wind Tunnel Cooling Tower Replacement,2024-08-20,eng-itt_0.pdf,pdf,rfp/itt,https://canadabuys.canada.ca/sites/default/files/webform/tender_notice/39804/eng-itt_0.pdf
1021530,24-58036/A,NRC,no,Construction of Trisonic Wind Tunnel Cooling Tower Replacement,2024-08-20,annex-a-specifications_0.pdf,pdf,specification,https://canadabuys.canada.ca/sites/default/files/webform/tender_notice/39804/annex-a-specifications_0.pdf
1021530,24-58036/A,NRC,no,Construction of Trisonic Wind Tunnel Cooling Tower Replacement,2024-08-20,appendix-5---labour-and-material-payment-bond.pdf,pdf,unclassified,https://canadabuys.canada.ca/sites/default/files/webform/tender_notice/39804/appendix-5---labour-and-material-payment-bond.pdf
1021530,24-58036/A,NRC,no,Construction of Trisonic Wind Tunnel Cooling Tower Replacement,2024-08-20,24-58036-amd001_technical_qa1_tg_fr_final_0.pdf,pdf,unclassified,https://canadabuys.canada.ca/sites/default/files/webform/tender_notice/39804/24-58036-amd001_technical_qa1_tg_fr_final_0.pdf
1021530,24-58036/A,NRC,no,Construction of Trisonic Wind Tunnel Cooling Tower Replacement,2024-08-20,appendix-6---performance-bond.pdf,pdf,forms,https://canadabuys.canada.ca/sites/default/files/webform/tender_notice/39804/appendix-6---performance-bond.pdf
1021530,24-58036/A,NRC,no,Construction of Trisonic Wind Tunnel Cooling Tower Replacement,2024-08-20,annex-c---srcl-annexe-c-lvers_0.pdf,pdf,unclassified,https://canadabuys.canada.ca/sites/default/files/webform/tender_notice/39804/annex-c---srcl-annexe-c-lvers_0.pdf
1021530,24-58036/A,NRC,no,Construction of Trisonic Wind Tunnel Cooling Tower Replacement,2024-08-20,20240620-mcc4-photos.pdf,pdf,unclassified,https://canadabuys.canada.ca/sites/default/files/webform/tender_notice/39804/20240620-mcc4-photos.pdf
1021530,24-58036/A,NRC,no,Construction of Trisonic Wind Tunnel Cooling Tower Replacement,2024-08-20,24-58036_en_-solicitation-amendment_001.pdf,pdf,unclassified,https://canadabuys.canada.ca/sites/default/files/webform/tender_notice/39804/24-58036_en_-solicitation-amendment_001.pdf
1021530,24-58036/A,NRC,no,Construction of Trisonic Wind Tunnel Cooling Tower Replacement,2024-08-20,24.06.19-site-visit-photos.pdf,pdf,unclassified,https://canadabuys.canada.ca/sites/default/files/webform/tender_notice/39804/24.06.19-site-visit-photos.pdf
1021530,24-58036/A,NRC,no,Construction of Trisonic Wind Tunnel Cooling Tower Replacement,2024-08-20,appendix-1---list-of-names-for-integrity-verification-form-e_1.pdf,pdf,forms,https://canadabuys.canada.ca/sites/default/files/webform/tender_notice/39804/appendix-1---list-of-names-for-integrity-verification-form-e_1.pdf
1021530,24-58036/A,NRC,no,Construction of Trisonic Wind Tunnel Cooling Tower Replacement,2024-08-20,24-58036_en_-solicitation-amendment_002_0.pdf,pdf,unclassified,https://canadabuys.canada.ca/sites/default/files/webform/tender_notice/39804/24-58036_en_-solicitation-amendment_002_0.pdf
1021530,24-58036/A,NRC,no,Construction of Trisonic Wind Tunnel Cooling Tower Replacement,2024-08-20,24-58036-amd002_technical_qa1_tg_en_final_0.pdf,pdf,unclassified,https://canadabuys.canada.ca/sites/default/files/webform/tender_notice/39804/24-58036-amd002_technical_qa1_tg_en_final_0.pdf
1021530,24-58036/A,NRC,no,Construction of Trisonic Wind Tunnel Cooling Tower Replacement,2024-08-20,appendix-4---bid-bond.pdf,pdf,unclassified,https://canadabuys.canada.ca/sites/default/files/webform/tender_notice/39804/appendix-4---bid-bond.pdf
1022287,24-58079,NRC,no,U72 Biolab Ventilation and Vestibule Upgrade / U72 Fuselage Outdoor Upgrade,2024-08-12,24-58079---tender-package---english_0.pdf,pdf,tender documents,https://canadabuys.canada.ca/sites/default/files/webform/tender_notice/42884/24-58079---tender-package---english_0.pdf
1022287,24-58079,NRC,no,U72 Biolab Ventilation and Vestibule Upgrade / U72 Fuselage Outdoor Upgrade,2024-08-12,6314-u72-fuselage-drawings-ift-english.pdf,pdf,drawing,https://canadabuys.canada.ca/sites/default/files/webform/tender_notice/42884/6314-u72-fuselage-drawings-ift-english.pdf
1022287,24-58079,NRC,no,U72 Biolab Ventilation and Vestibule Upgrade / U72 Fuselage Outdoor Upgrade,2024-08-12,6283-u72-biolab-dwgs-ift-english.pdf,pdf,drawing,https://canadabuys.canada.ca/sites/default/files/webform/tender_notice/42884/6283-u72-biolab-dwgs-ift-english.pdf
1022287,24-58079,NRC,no,U72 Biolab Ventilation and Vestibule Upgrade / U72 Fuselage Outdoor Upgrade,2024-08-12,6283-u72-biolab-specs-ift-english.pdf,pdf,specification,https://canadabuys.canada.ca/sites/default/files/webform/tender_notice/42884/6283-u72-biolab-specs-ift-english.pdf
1022287,24-58079,NRC,no,U72 Biolab Ventilation and Vestibule Upgrade / U72 Fuselage Outdoor Upgrade,2024-08-12,6314-u72-fuselage-specs-ift-english.pdf,pdf,specification,https://canadabuys.canada.ca/sites/default/files/webform/tender_notice/42884/6314-u72-fuselage-specs-ift-english.pdf
1022287,24-58079,NRC,no,U72 Biolab Ventilation and Vestibule Upgrade / U72 Fuselage Outdoor Upgrade,2024-08-12,24-58079---addendum-no.-1---photo1.pdf,pdf,addendum,https://canadabuys.canada.ca/sites/default/files/webform/tender_notice/42884/24-58079---addendum-no.-1---photo1.pdf
1022287,24-58079,NRC,no,U72 Biolab Ventilation and Vestibule Upgrade / U72 Fuselage Outdoor Upgrade,2024-08-12,24-58079---addendum-no.-2.pdf,pdf,addendum,https://canadabuys.canada.ca/sites/default/files/webform/tender_notice/42884/24-58079---addendum-no.-2.pdf
1022287,24-58079,NRC,no,U72 Biolab Ventilation and Vestibule Upgrade / U72 Fuselage Outdoor Upgrade,2024-08-12,24-58079---addendum-no.-1---photo2.pdf,pdf,addendum,https://canadabuys.canada.ca/sites/default/files/webform/tender_notice/42884/24-58079---addendum-no.-1---photo2.pdf
1022287,24-58079,NRC,no,U72 Biolab Ventilation and Vestibule Upgrade / U72 Fuselage Outdoor Upgrade,2024-08-12,24-58079---addendum-no.-1.pdf,pdf,addendum,https://canadabuys.canada.ca/sites/default/files/webform/tender_notice/42884/24-58079---addendum-no.-1.pdf
1021114,24-58057,NRC,no,Uplands Campus Pedestrian Pathway,2024-07-31,24-58057---addendum-no.-1.pdf,pdf,addendum,https://canadabuys.canada.ca/sites/default/files/webform/tender_notice/40506/24-58057---addendum-no.-1.pdf
1021114,24-58057,NRC,no,Uplands Campus Pedestrian Pathway,2024-07-31,24-58057---tender-package---english.pdf,pdf,tender documents,https://canadabuys.canada.ca/sites/default/files/webform/tender_notice/40506/24-58057---tender-package---english.pdf
1021114,24-58057,NRC,no,Uplands Campus Pedestrian Pathway,2024-07-31,6292---drawings---english.pdf,pdf,drawing,https://canadabuys.canada.ca/sites/default/files/webform/tender_notice/40506/6292---drawings---english.pdf
1021114,24-58057,NRC,no,Uplands Campus Pedestrian Pathway,2024-07-31,24-58057---addendum-no.-2.pdf,pdf,addendum,https://canadabuys.canada.ca/sites/default/files/webform/tender_notice/40506/24-58057---addendum-no.-2.pdf
1020859,24-58024-B,NRC,no,U87 Electric Vehicle Charging Station,2024-07-29,24-58024-b---addendum---addenda---1_1.pdf,pdf,addendum,https://canadabuys.canada.ca/sites/default/files/webform/tender_notice/40502/24-58024-b---addendum---addenda---1_1.pdf
1020859,24-58024-B,NRC,no,U87 Electric Vehicle Charging Station,2024-07-29,24-58024-b---tender-package-english.pdf,pdf,tender documents,https://canadabuys.canada.ca/sites/default/files/webform/tender_notice/40502/24-58024-b---tender-package-english.pdf
1020859,24-58024-B,NRC,no,U87 Electric Vehicle Charging Station,2024-07-29,6263---drawings.pdf,pdf,drawing,https://canadabuys.canada.ca/sites/default/files/webform/tender_notice/40502/6263---drawings.pdf
1020354,24-58034,NRC,no,M20 Room 211 Office Fit-Up,2024-07-10,24-58034---addendum-no.-1.pdf,pdf,addendum,https://canadabuys.canada.ca/sites/default/files/webform/tender_notice/39014/24-58034---addendum-no.-1.pdf
1020354,24-58034,NRC,no,M20 Room 211 Office Fit-Up,2024-07-10,6284---drawings---english.pdf,pdf,drawing,https://canadabuys.canada.ca/sites/default/files/webform/tender_notice/39014/6284---drawings---english.pdf
1020354,24-58034,NRC,no,M20 Room 211 Office Fit-Up,2024-07-10,24-58034---tender-package---english.pdf,pdf,tender documents,https://canadabuys.canada.ca/sites/default/files/webform/tender_notice/39014/24-58034---tender-package---english.pdf
1019639,24-58025,NRC,no,M24 Room 111 Renovations,2024-06-17,6218---drawings---english.pdf,pdf,drawing,https://canadabuys.canada.ca/sites/default/files/webform/tender_notice/37120/6218---drawings---english.pdf
1019639,24-58025,NRC,no,M24 Room 111 Renovations,2024-06-17,24-58025---tender-package---english.pdf,pdf,tender documents,https://canadabuys.canada.ca/sites/default/files/webform/tender_notice/37120/24-58025---tender-package---english.pdf
1019639,24-58025,NRC,no,M24 Room 111 Renovations,2024-06-17,24-58025---addendum-no.-3.pdf,pdf,addendum,https://canadabuys.canada.ca/sites/default/files/webform/tender_notice/37120/24-58025---addendum-no.-3.pdf
1019639,24-58025,NRC,no,M24 Room 111 Renovations,2024-06-17,24-58025---addendum-no.-2.pdf,pdf,addendum,https://canadabuys.canada.ca/sites/default/files/webform/tender_notice/37120/24-58025---addendum-no.-2.pdf
1019639,24-58025,NRC,no,M24 Room 111 Renovations,2024-06-17,24-58025---addendum-no.-1.pdf,pdf,addendum,https://canadabuys.canada.ca/sites/default/files/webform/tender_notice/37120/24-58025---addendum-no.-1.pdf
1019639,24-58025,NRC,no,M24 Room 111 Renovations,2024-06-17,24-58025---tender-package---english---revised.pdf,pdf,tender documents,https://canadabuys.canada.ca/sites/default/files/webform/tender_notice/37120/24-58025---tender-package---english---revised.pdf
1015694,23-58178,NRC,no,M9 Air Handling Unit Retrofit,2024-02-26,23-58178---addendum-no.-2.pdf,pdf,addendum,https://canadabuys.canada.ca/sites/default/files/webform/tender_notice/26083/23-58178---addendum-no.-2.pdf
1015694,23-58178,NRC,no,M9 Air Handling Unit Retrofit,2024-02-26,23-58178---addendum-no.-3.pdf,pdf,addendum,https://canadabuys.canada.ca/sites/default/files/webform/tender_notice/26083/23-58178---addendum-no.-3.pdf
1015694,23-58178,NRC,no,M9 Air Handling Unit Retrofit,2024-02-26,23-58178---addendum-no.-6.pdf,pdf,addendum,https://canadabuys.canada.ca/sites/default/files/webform/tender_notice/26083/23-58178---addendum-no.-6.pdf
1015694,23-58178,NRC,no,M9 Air Handling Unit Retrofit,2024-02-26,23-58178---addendum-no.-4.pdf,pdf,addendum,https://canadabuys.canada.ca/sites/default/files/webform/tender_notice/26083/23-58178---addendum-no.-4.pdf
1015694,23-58178,NRC,no,M9 Air Handling Unit Retrofit,2024-02-26,23-58178---addendum-no.-5.pdf,pdf,addendum,https://canadabuys.canada.ca/sites/default/files/webform/tender_notice/26083/23-58178---addendum-no.-5.pdf
1015694,23-58178,NRC,no,M9 Air Handling Unit Retrofit,2024-02-26,23-58178---addendum-no.-1.pdf,pdf,addendum,https://canadabuys.canada.ca/sites/default/files/webform/tender_notice/26083/23-58178---addendum-no.-1.pdf
1015694,23-58178,NRC,no,M9 Air Handling Unit Retrofit,2024-02-26,6275-drawing---e.pdf,pdf,drawing,https://canadabuys.canada.ca/sites/default/files/webform/tender_notice/26083/6275-drawing---e.pdf
1015694,23-58178,NRC,no,M9 Air Handling Unit Retrofit,2024-02-26,23-58178---tender-package-english.pdf,pdf,tender documents,https://canadabuys.canada.ca/sites/default/files/webform/tender_notice/26083/23-58178---tender-package-english.pdf
CRC202131026,CRC20231026,other,no,CRC –Building 42 Bus Maintenance and MV Switch Gear Retrofit and Refurbishment,2024-01-30,itt---bldg-42-bus-maintenance-mv-switch-gear-retrofit-refurbishment.pdf,pdf,rfp/itt,https://canadabuys.canada.ca/sites/default/files/webform/tender_notice/21378/itt---bldg-42-bus-maintenance-mv-switch-gear-retrofit-refurbishment.pdf
01B46-23-162,01B46-23-162,other,no,Invitation to tender 01B46-23-162 Building 136 Coller Retro-Fit Project – Central Experimental Farm,2024-01-22,invitation-to-tender-01b46-23-162.pdf,pdf,tender documents,https://canadabuys.canada.ca/sites/default/files/webform/tender_notice/24236/invitation-to-tender-01b46-23-162.pdf
01B46-23-207,01B46-23-207,other,no,Roof Replacement - Building 74 - Central Experimental Farm Ottawa,2024-01-19,qa3.pdf,pdf,unclassified,https://canadabuys.canada.ca/sites/default/files/webform/tender_notice/27936/qa3.pdf
01B46-23-207,01B46-23-207,other,no,Roof Replacement - Building 74 - Central Experimental Farm Ottawa,2024-01-19,invitation-to-tender-01b46-23-207.pdf,pdf,tender documents,https://canadabuys.canada.ca/sites/default/files/webform/tender_notice/27936/invitation-to-tender-01b46-23-207.pdf
01B46-23-207,01B46-23-207,other,no,Roof Replacement - Building 74 - Central Experimental Farm Ottawa,2024-01-19,cef-map-2014.pdf,pdf,unclassified,https://canadabuys.canada.ca/sites/default/files/webform/tender_notice/27936/cef-map-2014.pdf
01B46-23-207,01B46-23-207,other,no,Roof Replacement - Building 74 - Central Experimental Farm Ottawa,2024-01-19,qa-1.pdf,pdf,unclassified,https://canadabuys.canada.ca/sites/default/files/webform/tender_notice/27936/qa-1.pdf
01B46-23-207,01B46-23-207,other,no,Roof Replacement - Building 74 - Central Experimental Farm Ottawa,2024-01-19,qa2.pdf,pdf,unclassified,https://canadabuys.canada.ca/sites/default/files/webform/tender_notice/27936/qa2.pdf
1014190,23-58167,NRC,no,Flight Recorder and Playback Centre Renovation,2024-01-10,23-58167---addendum-2.pdf,pdf,addendum,https://canadabuys.canada.ca/sites/default/files/webform/tender_notice/25366/23-58167---addendum-2.pdf
1014190,23-58167,NRC,no,Flight Recorder and Playback Centre Renovation,2024-01-10,23-58167---addendum-3.pdf,pdf,addendum,https://canadabuys.canada.ca/sites/default/files/webform/tender_notice/25366/23-58167---addendum-3.pdf
1014190,23-58167,NRC,no,Flight Recorder and Playback Centre Renovation,2024-01-10,23-58167---addendum-5_0.pdf,pdf,addendum,https://canadabuys.canada.ca/sites/default/files/webform/tender_notice/25366/23-58167---addendum-5_0.pdf
1014190,23-58167,NRC,no,Flight Recorder and Playback Centre Renovation,2024-01-10,6018-drawings-ift.pdf,pdf,drawing,https://canadabuys.canada.ca/sites/default/files/webform/tender_notice/25366/6018-drawings-ift.pdf
1014190,23-58167,NRC,no,Flight Recorder and Playback Centre Renovation,2024-01-10,23-58167---tender-package-english.pdf,pdf,tender documents,https://canadabuys.canada.ca/sites/default/files/webform/tender_notice/25366/23-58167---tender-package-english.pdf
1014190,23-58167,NRC,no,Flight Recorder and Playback Centre Renovation,2024-01-10,23-58167---addendum-5.pdf,pdf,addendum,https://canadabuys.canada.ca/sites/default/files/webform/tender_notice/25366/23-58167---addendum-5.pdf
1014190,23-58167,NRC,no,Flight Recorder and Playback Centre Renovation,2024-01-10,23-58167---addendum-4.pdf,pdf,addendum,https://canadabuys.canada.ca/sites/default/files/webform/tender_notice/25366/23-58167---addendum-4.pdf
1014190,23-58167,NRC,no,Flight Recorder and Playback Centre Renovation,2024-01-10,23-58167---addendum-1.pdf,pdf,addendum,https://canadabuys.canada.ca/sites/default/files/webform/tender_notice/25366/23-58167---addendum-1.pdf
4500463546,1000254965,other,no,Perimeter Heating Replacement,2023-12-22,appendix---annexe-e---cosmel-drawings---plans-de-cosmel.pdf,pdf,drawing,https://canadabuys.canada.ca/sites/default/files/webform/tender_notice/25405/appendix---annexe-e---cosmel-drawings---plans-de-cosmel.pdf
4500463546,1000254965,other,no,Perimeter Heating Replacement,2023-12-22,liste-des-contracteurs---contractors-list.pdf,pdf,unclassified,https://canadabuys.canada.ca/sites/default/files/webform/tender_notice/25405/liste-des-contracteurs---contractors-list.pdf
4500463546,1000254965,other,no,Perimeter Heating Replacement,2023-12-22,appendix---annexe-a-survey---sondage.pdf,pdf,survey,https://canadabuys.canada.ca/sites/default/files/webform/tender_notice/25405/appendix---annexe-a-survey---sondage.pdf
4500463546,1000254965,other,no,Perimeter Heating Replacement,2023-12-22,cosmel-kk23-061_dv001_english-specs_add1.pdf,pdf,specification,https://canadabuys.canada.ca/sites/default/files/webform/tender_notice/25405/cosmel-kk23-061_dv001_english-specs_add1.pdf
4500463546,1000254965,other,no,Perimeter Heating Replacement,2023-12-22,cosmel-kk23-061-notes-ad001-en-fr.pdf,pdf,unclassified,https://canadabuys.canada.ca/sites/default/files/webform/tender_notice/25405/cosmel-kk23-061-notes-ad001-en-fr.pdf
4500463546,1000254965,other,no,Perimeter Heating Replacement,2023-12-22,amd-01-health-canada-invitation-to-tender-pr.1000254965.pdf,pdf,tender documents,https://canadabuys.canada.ca/sites/default/files/webform/tender_notice/25405/amd-01-health-canada-invitation-to-tender-pr.1000254965.pdf
4500463546,1000254965,other,no,Perimeter Heating Replacement,2023-12-22,cosmel-kk23-061-mc001_eng-fren_dwgs-add-01.pdf,pdf,drawing,https://canadabuys.canada.ca/sites/default/files/webform/tender_notice/25405/cosmel-kk23-061-mc001_eng-fren_dwgs-add-01.pdf
4500463546,1000254965,other,no,Perimeter Heating Replacement,2023-12-22,questions-and-answers---questions-et-reponses.pdf,pdf,unclassified,https://canadabuys.canada.ca/sites/default/files/webform/tender_notice/25405/questions-and-answers---questions-et-reponses.pdf
4500463546,1000254965,other,no,Perimeter Heating Replacement,2023-12-22,appendix---annexe-d---motorized-valves---valves-motorise.pdf,pdf,unclassified,https://canadabuys.canada.ca/sites/default/files/webform/tender_notice/25405/appendix---annexe-d---motorized-valves---valves-motorise.pdf
4500463546,1000254965,other,no,Perimeter Heating Replacement,2023-12-22,appendix---annexe-b---pipes-conditions---etat-des-tuyaux.pdf,pdf,unclassified,https://canadabuys.canada.ca/sites/default/files/webform/tender_notice/25405/appendix---annexe-b---pipes-conditions---etat-des-tuyaux.pdf
4500463546,1000254965,other,no,Perimeter Heating Replacement,2023-12-22,appendix---annexe-c---existing-site-conditions---conditions-existantes-du-site.pdf,pdf,unclassified,https://canadabuys.canada.ca/sites/default/files/webform/tender_notice/25405/appendix---annexe-c---existing-site-conditions---conditions-existantes-du-site.pdf
4500463546,1000254965,other,no,Perimeter Heating Replacement,2023-12-22,health-canada-invitation-to-tenderdeg-1000254965.pdf,pdf,tender documents,https://canadabuys.canada.ca/sites/default/files/webform/tender_notice/25405/health-canada-invitation-to-tenderdeg-1000254965.pdf
4500463546,1000254965,other,no,Perimeter Heating Replacement,2023-12-22,lcdc-perimeter-heating-replacement---appendix-f---cosmel-specifications-and-designated-substances-report---english.pdf,pdf,specification,https://canadabuys.canada.ca/sites/default/files/webform/tender_notice/25405/lcdc-perimeter-heating-replacement---appendix-f---cosmel-specifications-and-designated-substances-report---english.pdf
01B46-23-159,01B46-23-159,other,no,Boiler Replacement - Central Experimental Farm - Ottawa,2023-11-27,01b46-23-159-invitation-to-tender_0.pdf,pdf,tender documents,https://canadabuys.canada.ca/sites/default/files/webform/tender_notice/22657/01b46-23-159-invitation-to-tender_0.pdf
01B46-23-159,01B46-23-159,other,no,Boiler Replacement - Central Experimental Farm - Ottawa,2023-11-27,qa-1.pdf,pdf,unclassified,https://canadabuys.canada.ca/sites/default/files/webform/tender_notice/22657/qa-1.pdf
01B46-23-159,01B46-23-159,other,no,Boiler Replacement - Central Experimental Farm - Ottawa,2023-11-27,cef-map-2014.pdf,pdf,unclassified,https://canadabuys.canada.ca/sites/default/files/webform/tender_notice/22657/cef-map-2014.pdf
01B46-23-159,01B46-23-159,other,no,Boiler Replacement - Central Experimental Farm - Ottawa,2023-11-27,amd-01---cover-page-new-closing-date.pdf,pdf,unclassified,https://canadabuys.canada.ca/sites/default/files/webform/tender_notice/22657/amd-01---cover-page-new-closing-date.pdf
1012511,23-58123,NRC,no,"Montreal Road Campus, Excess Soil Removal",2023-11-15,6316-drawing.pdf,pdf,drawing,https://canadabuys.canada.ca/sites/default/files/webform/tender_notice/21721/6316-drawing.pdf
1012511,23-58123,NRC,no,"Montreal Road Campus, Excess Soil Removal",2023-11-15,23-58123---addendum-no.-2.pdf,pdf,addendum,https://canadabuys.canada.ca/sites/default/files/webform/tender_notice/21721/23-58123---addendum-no.-2.pdf
1012511,23-58123,NRC,no,"Montreal Road Campus, Excess Soil Removal",2023-11-15,23-58123---addendum-no.-1.pdf,pdf,addendum,https://canadabuys.canada.ca/sites/default/files/webform/tender_notice/21721/23-58123---addendum-no.-1.pdf
1012511,23-58123,NRC,no,"Montreal Road Campus, Excess Soil Removal",2023-11-15,23-58123---tender-pacakge-english.pdf,pdf,tender documents,https://canadabuys.canada.ca/sites/default/files/webform/tender_notice/21721/23-58123---tender-pacakge-english.pdf
7268281,202400144,other,no,Construction of Training Compounds,2023-11-07,202400144-rcmp-itt-english-final.pdf,pdf,rfp/itt,https://canadabuys.canada.ca/sites/default/files/webform/tender_notice/8509/202400144-rcmp-itt-english-final.pdf
01B46-23-105,01B46-23-105,other,no,"Building 22, Room 127 Walk-in Cooler Renovations - Central Experimental Farm Ottawa",2023-11-01,qa-1.pdf,pdf,unclassified,https://canadabuys.canada.ca/sites/default/files/webform/tender_notice/8269/qa-1.pdf
01B46-23-105,01B46-23-105,other,no,"Building 22, Room 127 Walk-in Cooler Renovations - Central Experimental Farm Ottawa",2023-11-01,itt-01b46-23-105-final.pdf,pdf,rfp/itt,https://canadabuys.canada.ca/sites/default/files/webform/tender_notice/8269/itt-01b46-23-105-final.pdf
01B46-23-105,01B46-23-105,other,no,"Building 22, Room 127 Walk-in Cooler Renovations - Central Experimental Farm Ottawa",2023-11-01,addendum-01-cover-page.pdf,pdf,addendum,https://canadabuys.canada.ca/sites/default/files/webform/tender_notice/8269/addendum-01-cover-page.pdf
PO-018168,MA076,NCC,yes,P15 and P17 Parking Lot Improvements,2023-10-26,ma076-p15-and-p17-parking-lot-improvements.pdf,pdf,unclassified,https://canadabuys.canada.ca/sites/default/files/webform/tender_notice/20938/ma076-p15-and-p17-parking-lot-improvements.pdf
PO-018168,MA076,NCC,yes,P15 and P17 Parking Lot Improvements,2023-10-26,ma076-addendum-addenda-no.-1.pdf,pdf,addendum,https://canadabuys.canada.ca/sites/default/files/webform/tender_notice/20938/ma076-addendum-addenda-no.-1.pdf
1011846,23-58112,NRC,no,Cogen Fire and Gas Control Panel Upgrade,2023-10-26,23-58112---acan---cogen-fire-and-gas-upgrade---english.pdf,pdf,unclassified,https://canadabuys.canada.ca/sites/default/files/webform/tender_notice/8801/23-58112---acan---cogen-fire-and-gas-upgrade---english.pdf
7267452,202303934,other,no,Construction of a Modular Building,2023-10-05,202303934-english-itt-final-for-canadabuys.pdf,pdf,rfp/itt,https://canadabuys.canada.ca/sites/default/files/webform/tender_notice/7015/202303934-english-itt-final-for-canadabuys.pdf
7267452,202303934,other,no,Construction of a Modular Building,2023-10-05,solicitation-amendment-01.pdf,pdf,unclassified,https://canadabuys.canada.ca/sites/default/files/webform/tender_notice/7015/solicitation-amendment-01.pdf
01B46-23-102,01B46-23-102,other,no,Building 118 exterior re-painting - Central Experimental Farm,2023-09-21,qa-1.pdf,pdf,unclassified,https://canadabuys.canada.ca/sites/default/files/webform/tender_notice/8191/qa-1.pdf
01B46-23-102,01B46-23-102,other,no,Building 118 exterior re-painting - Central Experimental Farm,2023-09-21,invitation-to-tender-01b46-23-102.pdf,pdf,tender documents,https://canadabuys.canada.ca/sites/default/files/webform/tender_notice/8191/invitation-to-tender-01b46-23-102.pdf
1009479,23-58058,other,no,M-55 South Podium Deck Membrane and Interlock Repair,2023-08-24,23-58058---tender-package-english.pdf,pdf,tender documents,https://canadabuys.canada.ca/sites/default/files/webform/tender_notice/7058/23-58058---tender-package-english.pdf
1009479,23-58058,other,no,M-55 South Podium Deck Membrane and Interlock Repair,2023-08-24,23-58058---addendum-no.-1---english.pdf,pdf,addendum,https://canadabuys.canada.ca/sites/default/files/webform/tender_notice/7058/23-58058---addendum-no.-1---english.pdf
1009479,23-58058,other,no,M-55 South Podium Deck Membrane and Interlock Repair,2023-08-24,6180-drawing-eng.pdf,pdf,drawing,https://canadabuys.canada.ca/sites/default/files/webform/tender_notice/7058/6180-drawing-eng.pdf
1009377,23-58051,NRC,no,"S77 Room B12 PD5, PD2 and PD6 Electrical Panel Replacement",2023-08-22,23-58051---addendum-1.pdf,pdf,addendum,https://canadabuys.canada.ca/sites/default/files/webform/tender_notice/6837/23-58051---addendum-1.pdf
1009377,23-58051,NRC,no,"S77 Room B12 PD5, PD2 and PD6 Electrical Panel Replacement",2023-08-22,6295-drawing-ef.pdf,pdf,drawing,https://canadabuys.canada.ca/sites/default/files/webform/tender_notice/6837/6295-drawing-ef.pdf
1009377,23-58051,NRC,no,"S77 Room B12 PD5, PD2 and PD6 Electrical Panel Replacement",2023-08-22,23-58051---tender-package-english.pdf,pdf,tender documents,https://canadabuys.canada.ca/sites/default/files/webform/tender_notice/6837/23-58051---tender-package-english.pdf
1008525,23-58030,NRC,no,S77 Roof Replacement,2023-08-01,22280do--3---dwgs-for-tender.pdf,pdf,drawing,https://canadabuys.canada.ca/sites/default/files/webform/tender_notice/6555/22280do--3---dwgs-for-tender.pdf
1008525,23-58030,NRC,no,S77 Roof Replacement,2023-08-01,23-58030---addendum-1.pdf,pdf,addendum,https://canadabuys.canada.ca/sites/default/files/webform/tender_notice/6555/23-58030---addendum-1.pdf
1008525,23-58030,NRC,no,S77 Roof Replacement,2023-08-01,23-58030---tender-package-english.pdf,pdf,tender documents,https://canadabuys.canada.ca/sites/default/files/webform/tender_notice/6555/23-58030---tender-package-english.pdf
PO-017586,PL008,NCC,yes,Deck Replacement for Pedestrian Bridges at Lac-Leamy,2023-07-18,addendum-1-(en---pl008_0.pdf,pdf,addendum,https://canadabuys.canada.ca/sites/default/files/webform/tender_notice/5880/addendum-1-%28en---pl008_0.pdf
PO-017586,PL008,NCC,yes,Deck Replacement for Pedestrian Bridges at Lac-Leamy,2023-07-18,addendum-3-(en.pdf,pdf,addendum,https://canadabuys.canada.ca/sites/default/files/webform/tender_notice/5880/addendum-3-%28en.pdf
PO-017586,PL008,NCC,yes,Deck Replacement for Pedestrian Bridges at Lac-Leamy,2023-07-18,addendum-2-(en---pl008.pdf,pdf,addendum,https://canadabuys.canada.ca/sites/default/files/webform/tender_notice/5880/addendum-2-%28en---pl008.pdf
PO-017586,PL008,NCC,yes,Deck Replacement for Pedestrian Bridges at Lac-Leamy,2023-07-18,pl008---deck-replacement-for-pedestrian-bridges-at-lac-leamy_0.pdf,pdf,unclassified,https://canadabuys.canada.ca/sites/default/files/webform/tender_notice/5880/pl008---deck-replacement-for-pedestrian-bridges-at-lac-leamy_0.pdf
PO-017523,AL1843A,other,no,"CONSTRUCTION MANAGEMENT SERVICES - 80 ELGIN ST., WORKPLACE MODERNIZATION",2023-07-10,al1843a_addendum_addenda_1.pdf,pdf,addendum,https://canadabuys.canada.ca/documents/pub/att/2023/02/09/5ab33fd8e2e6d2449ce766a450c5e5bc/al1843a_addendum_addenda_1.pdf
PO-017523,AL1843A,other,no,"CONSTRUCTION MANAGEMENT SERVICES - 80 ELGIN ST., WORKPLACE MODERNIZATION",2023-07-10,al1843a_addendum_addenda_2.pdf,pdf,addendum,https://canadabuys.canada.ca/documents/pub/att/2023/02/16/f410e4e60731936c8d5f0db3b59fc2e5/al1843a_addendum_addenda_2.pdf
PO-017523,AL1843A,other,no,"CONSTRUCTION MANAGEMENT SERVICES - 80 ELGIN ST., WORKPLACE MODERNIZATION",2023-07-10,prequalification_-_construction_management_services_r3.pdf,pdf,drawing/ift,https://canadabuys.canada.ca/documents/pub/att/2023/01/31/de4766aa6fb875df746281073301d100/prequalification_-_construction_management_services_r3.pdf
PO-017523,AL1843A,other,no,"CONSTRUCTION MANAGEMENT SERVICES - 80 ELGIN ST., WORKPLACE MODERNIZATION",2023-07-10,annex_annexe_a_word.zip,zip,unclassified,https://canadabuys.canada.ca/documents/pub/att/2023/01/31/d6f99667595157b9fc07e6855dde96ef/annex_annexe_a_word.zip
PO-017504,NR215,NCC,yes,Victoria Island Site Remediation Project Phase 3a,2023-07-06,addendum-7---revised-form-of-tender.pdf,pdf,addendum,https://canadabuys.canada.ca/sites/default/files/webform/tender_notice/4418/addendum-7---revised-form-of-tender.pdf
PO-017504,NR215,NCC,yes,Victoria Island Site Remediation Project Phase 3a,2023-07-06,nr215-addendum-4---addenda-no.4.pdf,pdf,addendum,https://canadabuys.canada.ca/sites/default/files/webform/tender_notice/4418/nr215-addendum-4---addenda-no.4.pdf
PO-017504,NR215,NCC,yes,Victoria Island Site Remediation Project Phase 3a,2023-07-06,nr215-addendum2---addenda-no.-2.pdf,pdf,addendum,https://canadabuys.canada.ca/sites/default/files/webform/tender_notice/4418/nr215-addendum2---addenda-no.-2.pdf
PO-017504,NR215,NCC,yes,Victoria Island Site Remediation Project Phase 3a,2023-07-06,maps-en.pdf,pdf,unclassified,https://canadabuys.canada.ca/sites/default/files/webform/tender_notice/4418/maps-en.pdf
PO-017504,NR215,NCC,yes,Victoria Island Site Remediation Project Phase 3a,2023-07-06,nr215-addendum1--addenda-no.-1.pdf,pdf,addendum,https://canadabuys.canada.ca/sites/default/files/webform/tender_notice/4418/nr215-addendum1--addenda-no.-1.pdf
PO-017504,NR215,NCC,yes,Victoria Island Site Remediation Project Phase 3a,2023-07-06,nr215-addendum-3---addenda-no.-3.pdf,pdf,addendum,https://canadabuys.canada.ca/sites/default/files/webform/tender_notice/4418/nr215-addendum-3---addenda-no.-3.pdf
PO-017504,NR215,NCC,yes,Victoria Island Site Remediation Project Phase 3a,2023-07-06,nr215-addendum-5---addenda-no.5.pdf,pdf,addendum,https://canadabuys.canada.ca/sites/default/files/webform/tender_notice/4418/nr215-addendum-5---addenda-no.5.pdf
PO-017504,NR215,NCC,yes,Victoria Island Site Remediation Project Phase 3a,2023-07-06,nr215-en.pdf,pdf,unclassified,https://canadabuys.canada.ca/sites/default/files/webform/tender_notice/4418/nr215-en.pdf
PO-017504,NR215,NCC,yes,Victoria Island Site Remediation Project Phase 3a,2023-07-06,nr215-addendum-6---addenda-no.-6.pdf,pdf,addendum,https://canadabuys.canada.ca/sites/default/files/webform/tender_notice/4418/nr215-addendum-6---addenda-no.-6.pdf
PO-017504,NR215,NCC,yes,Victoria Island Site Remediation Project Phase 3a,2023-07-06,nr215-addendum-7---addenda-no.-7.pdf,pdf,addendum,https://canadabuys.canada.ca/sites/default/files/webform/tender_notice/4418/nr215-addendum-7---addenda-no.-7.pdf
PO-017504,NR215,NCC,yes,Victoria Island Site Remediation Project Phase 3a,2023-07-06,"addendum-7---meeting-minutes---site-visit-of-april-19,-2023.pdf",pdf,addendum,https://canadabuys.canada.ca/sites/default/files/webform/tender_notice/4418/addendum-7---meeting-minutes---site-visit-of-april-19%2C-2023.pdf
1006260,22-58157,NRC,no,U-88 Fall Arrest,2023-05-31,22-58157_addendum1_bil.pdf,pdf,addendum,https://canadabuys.canada.ca/sites/default/files/webform/tender_notice/4732/22-58157_addendum1_bil.pdf
1006260,22-58157,NRC,no,U-88 Fall Arrest,2023-05-31,22-58157_addendum2_en.pdf,pdf,addendum,https://canadabuys.canada.ca/sites/default/files/webform/tender_notice/4732/22-58157_addendum2_en.pdf
1006260,22-58157,NRC,no,U-88 Fall Arrest,2023-05-31,22-58157_tenderpackage_en.pdf,pdf,tender documents,https://canadabuys.canada.ca/sites/default/files/webform/tender_notice/4732/22-58157_tenderpackage_en.pdf
1006260,22-58157,NRC,no,U-88 Fall Arrest,2023-05-31,22-58157_addendum3_en.pdf,pdf,addendum,https://canadabuys.canada.ca/sites/default/files/webform/tender_notice/4732/22-58157_addendum3_en.pdf
1006206,22-58159,NRC,no,U66 Boiler Replacement,2023-05-30,22-58159---addendum-no.-2.pdf,pdf,addendum,https://canadabuys.canada.ca/sites/default/files/webform/tender_notice/4903/22-58159---addendum-no.-2.pdf
1006206,22-58159,NRC,no,U66 Boiler Replacement,2023-05-30,22-58159---addendum-no.-1.pdf,pdf,addendum,https://canadabuys.canada.ca/sites/default/files/webform/tender_notice/4903/22-58159---addendum-no.-1.pdf
1006206,22-58159,NRC,no,U66 Boiler Replacement,2023-05-30,drawings.pdf,pdf,drawing,https://canadabuys.canada.ca/sites/default/files/webform/tender_notice/4903/drawings.pdf
1006206,22-58159,NRC,no,U66 Boiler Replacement,2023-05-30,22-58159---tender-package-english.pdf,pdf,tender documents,https://canadabuys.canada.ca/sites/default/files/webform/tender_notice/4903/22-58159---tender-package-english.pdf
1006206,22-58159,NRC,no,U66 Boiler Replacement,2023-05-30,22-58159---addendum-no.-3.pdf,pdf,addendum,https://canadabuys.canada.ca/sites/default/files/webform/tender_notice/4903/22-58159---addendum-no.-3.pdf
7263398,202302129,other,no,Construction: TPOF Secure Storage Compound,2023-03-06,202302129_rcmp_solicitation_amendment_02.pdf,pdf,unclassified,https://canadabuys.canada.ca/documents/pub/att/2023/01/20/cd2a687b9de22cd92c58b469b6c271c9/202302129_rcmp_solicitation_amendment_02.pdf
7263398,202302129,other,no,Construction: TPOF Secure Storage Compound,2023-03-06,202302129_-_secure_storage_compound_-_tender_specifications_english.pdf,pdf,specification,https://canadabuys.canada.ca/documents/pub/att/2023/01/06/096e70c7d18b2a748135a4257da51461/202302129_-_secure_storage_compound_-_tender_specifications_english.pdf
7263398,202302129,other,no,Construction: TPOF Secure Storage Compound,2023-03-06,202302129_-_construction_itt_en_final.pdf,pdf,drawing/ift,https://canadabuys.canada.ca/documents/pub/att/2023/01/06/4db22e22c71ad2d3e9c4b9eb6ddeeeda/202302129_-_construction_itt_en_final.pdf
7263398,202302129,other,no,Construction: TPOF Secure Storage Compound,2023-03-06,secure2.pdf,pdf,unclassified,https://canadabuys.canada.ca/documents/pub/att/2023/01/18/b717284cf7cfd96dcf63e942d06c5918/secure2.pdf
7263398,202302129,other,no,Construction: TPOF Secure Storage Compound,2023-03-06,202302129_rcmp_solicitation_amendment_05.pdf,pdf,unclassified,https://canadabuys.canada.ca/documents/pub/att/2023/02/01/87cd0c732acb9f9a3285d284866a4033/202302129_rcmp_solicitation_amendment_05.pdf
7263398,202302129,other,no,Construction: TPOF Secure Storage Compound,2023-03-06,202302129_rcmp_solicitation_amendment_06.pdf,pdf,unclassified,https://canadabuys.canada.ca/documents/pub/att/2023/02/02/95762027c68406e341a0ea7037527fe3/202302129_rcmp_solicitation_amendment_06.pdf
7263398,202302129,other,no,Construction: TPOF Secure Storage Compound,2023-03-06,202302129_rcmp_solicitation_amendment_07.pdf,pdf,unclassified,https://canadabuys.canada.ca/documents/pub/att/2023/02/08/8fc4d510b9ff0c0eebdf8d473f5b4c71/202302129_rcmp_solicitation_amendment_07.pdf
7263398,202302129,other,no,Construction: TPOF Secure Storage Compound,2023-03-06,202302129_rcmp_solicitation_amendment_01_f.pdf,pdf,unclassified,https://canadabuys.canada.ca/documents/pub/att/2023/01/18/e4a02230b33f05a103a421eb9ea280aa/202302129_rcmp_solicitation_amendment_01_f.pdf
7263398,202302129,other,no,Construction: TPOF Secure Storage Compound,2023-03-06,202302129_rcmp_solicitation_amendment_04.pdf,pdf,unclassified,https://canadabuys.canada.ca/documents/pub/att/2023/01/31/ec91870c59f58c7af04f06e6830c896e/202302129_rcmp_solicitation_amendment_04.pdf
7263398,202302129,other,no,Construction: TPOF Secure Storage Compound,2023-03-06,202302129_rcmp_solicitation_amendment_03.pdf,pdf,unclassified,https://canadabuys.canada.ca/documents/pub/att/2023/01/27/f2b89a0a1c884010975fdbf423a84059/202302129_rcmp_solicitation_amendment_03.pdf
7263398,202302129,other,no,Construction: TPOF Secure Storage Compound,2023-03-06,appendix_3_-_workarea_zone_de_travail.pdf,pdf,unclassified,https://canadabuys.canada.ca/documents/pub/att/2023/01/06/223e5ab58b14bd7cbb3e1d8e21f3b84a/appendix_3_-_workarea_zone_de_travail.pdf
7263398,202302129,other,no,Construction: TPOF Secure Storage Compound,2023-03-06,202302129_-_secure_storage_compound_-_tender_drawings_english.pdf,pdf,drawing,https://canadabuys.canada.ca/documents/pub/att/2023/01/06/950cd4c2e6cfe463406e0408356e40b6/202302129_-_secure_storage_compound_-_tender_drawings_english.pdf
7259926,202206291,other,no,Construction: TPOF Walkway/Pathway to Upper Terrace,2022-09-16,a001125_tender_en_rev2_exc_limit_add-1.pdf,pdf,tender documents,https://canadabuys.canada.ca/documents/pub/att/2022/08/30/dc301af7eeb4b94dd1a478bc0cd5afd8/a001125_tender_en_rev2_exc_limit_add-1.pdf
7259926,202206291,other,no,Construction: TPOF Walkway/Pathway to Upper Terrace,2022-09-16,206_-_section_type_eng_.pdf,pdf,unclassified,https://canadabuys.canada.ca/documents/pub/att/2022/08/30/6d82f59ded7bd1429de1973e22c6fcce/206_-_section_type_eng_.pdf
7259926,202206291,other,no,Construction: TPOF Walkway/Pathway to Upper Terrace,2022-09-16,202206291_-_standard_itt_en_final.pdf,pdf,rfp/itt,https://canadabuys.canada.ca/documents/pub/att/2022/08/16/283c3b7a5feafabd0512845e9d1b96bf/202206291_-_standard_itt_en_final.pdf
7259926,202206291,other,no,Construction: TPOF Walkway/Pathway to Upper Terrace,2022-09-16,solicitation_amendment_01.pdf,pdf,unclassified,https://canadabuys.canada.ca/documents/pub/att/2022/08/30/651333e0bc4469a98fe9879e71afe97d/solicitation_amendment_01.pdf
7259926,202206291,other,no,Construction: TPOF Walkway/Pathway to Upper Terrace,2022-09-16,technical-specs_en_rev3_final_for_tender.pdf,pdf,specification,https://canadabuys.canada.ca/documents/pub/att/2022/08/16/47da7e7a7cd4b31a84bc8886b5830af0/technical-specs_en_rev3_final_for_tender.pdf
7259926,202206291,other,no,Construction: TPOF Walkway/Pathway to Upper Terrace,2022-09-16,a001125_tender_en_rev1.pdf,pdf,tender documents,https://canadabuys.canada.ca/documents/pub/att/2022/08/16/c6f1739a10429e05ba8df1d79e0dd688/a001125_tender_en_rev1.pdf
7259926,202206291,other,no,Construction: TPOF Walkway/Pathway to Upper Terrace,2022-09-16,addenda_1.pdf,pdf,addendum,https://canadabuys.canada.ca/documents/pub/att/2022/08/30/7f23504d57cd8064a3cc1716c7f73507/addenda_1.pdf
